Month,Day,1988,1989,1990,1991,1992,1993,1994,1995,1996,1997,1998,1999,2000,2001,2002,2003,2004,2005,2006,2007,2008,2009,2010,2011,2012,2013,2014,2015,2016,2017,2018
1,1,371e3,134e3,54500,256e3,205e3,279e3,143e3,135e3,108e3,132e3,16e4,115e3,82400,77100,99600,107e3,133e3,129e3,93e3,161e3,15e4,418e3,436e3,146e3,169e3,68e3,104e3,165e3,971e3,192e3,91700
1,2,329e3,128e3,54600,254e3,188e3,286e3,149e3,129e3,109e3,14e4,15e4,115e3,86400,76200,104e3,109e3,134e3,128e3,92800,162e3,147e3,408e3,395e3,171e3,166e3,66900,99300,156e3,103e4,198e3,90300
1,3,283e3,118e3,54600,247e3,182e3,286e3,155e3,126e3,109e3,141e3,146e3,119e3,101e3,77e3,101e3,113e3,141e3,128e3,93400,158e3,137e3,383e3,327e3,205e3,163e3,65900,99200,15e4,101e4,21e4,89700
1,4,24e4,115e3,58600,24e4,175e3,286e3,156e3,119e3,109e3,142e3,144e3,113e3,114e3,77400,96200,113e3,142e3,143e3,95100,155e3,121e3,353e3,265e3,209e3,153e3,65600,98400,144e3,905e3,217e3,86800
1,5,211e3,11e4,64800,217e3,166e3,342e3,154e3,108e3,104e3,142e3,144e3,111e3,113e3,76700,94e3,108e3,156e3,23e4,99300,158e3,115e3,327e3,242e3,2e5,146e3,66700,93400,141e3,802e3,214e3,86200
1,6,191e3,111e3,66800,196e3,161e3,435e3,148e3,97500,99600,14e4,161e3,112e3,11e4,77700,94200,103e3,183e3,425e3,104e3,166e3,123e3,305e3,228e3,202e3,146e3,67e3,91800,148e3,731e3,204e3,87e3
1,7,175e3,125e3,65800,194e3,155e3,458e3,147e3,91900,96700,136e3,194e3,114e3,103e3,79600,97700,99600,193e3,519e3,105e3,172e3,134e3,277e3,232e3,204e3,136e3,66400,86800,144e3,677e3,188e3,88200
1,8,167e3,144e3,65400,184e3,158e3,465e3,154e3,93500,92100,136e3,23e4,121e3,102e3,79600,99500,97900,179e3,534e3,103e3,179e3,143e3,253e3,235e3,203e3,129e3,65700,83700,131e3,636e3,159e3,89700
1,9,16e4,143e3,67100,173e3,161e3,456e3,15e4,96100,90700,133e3,295e3,12e4,98600,80200,98500,95e3,159e3,5e5,103e3,186e3,16e4,244e3,221e3,199e3,122e3,65100,82500,121e3,59e4,136e3,94100
1,10,153e3,123e3,68200,165e3,163e3,424e3,147e3,96800,90300,133e3,345e3,112e3,94900,80400,101e3,92600,144e3,465e3,107e3,187e3,213e3,236e3,211e3,181e3,115e3,65e3,81400,112e3,551e3,131e3,99900
1,11,14e4,106e3,67700,171e3,162e3,391e3,155e3,93100,94900,136e3,336e3,108e3,99e3,79700,107e3,89400,136e3,427e3,113e3,183e3,256e3,231e3,212e3,165e3,117e3,68400,97400,104e3,532e3,137e3,102e3
1,12,134e3,93e3,67400,188e3,16e4,356e3,159e3,95800,98800,128e3,291e3,109e3,102e3,79e3,108e3,86300,132e3,391e3,114e3,179e3,268e3,22e4,208e3,161e3,118e3,76100,112e3,108e3,535e3,154e3,103e3
1,13,135e3,85900,66300,184e3,162e3,323e3,158e3,101e3,103e3,12e4,252e3,112e3,1e5,78600,106e3,82e3,128e3,392e3,114e3,183e3,272e3,207e3,203e3,151e3,117e3,113e3,113e3,118e3,535e3,171e3,104e3
1,14,136e3,91e3,66700,18e4,165e3,305e3,159e3,114e3,104e3,124e3,22e4,119e3,98100,77400,108e3,77300,123e3,448e3,114e3,214e3,266e3,2e5,202e3,144e3,116e3,136e3,111e3,123e3,525e3,169e3,102e3
1,15,134e3,99300,66e3,183e3,168e3,291e3,16e4,154e3,103e3,129e3,198e3,121e3,101e3,81100,108e3,72100,12e4,488e3,114e3,241e3,251e3,191e3,204e3,142e3,115e3,122e3,112e3,119e3,498e3,161e3,99800
1,16,134e3,102e3,64400,19e4,165e3,285e3,15e4,231e3,103e3,129e3,187e3,121e3,99700,89e3,109e3,66100,116e3,491e3,112e3,254e3,232e3,181e3,212e3,149e3,112e3,117e3,114e3,117e3,461e3,158e3,99100
1,17,132e3,105e3,64100,198e3,162e3,285e3,137e3,269e3,103e3,124e3,176e3,129e3,97200,96400,105e3,62500,115e3,459e3,109e3,256e3,215e3,167e3,215e3,155e3,111e3,117e3,117e3,118e3,437e3,165e3,99300
1,18,135e3,104e3,63900,203e3,152e3,28e4,133e3,264e3,105e3,12e4,171e3,146e3,91400,103e3,103e3,63500,121e3,423e3,111e3,246e3,209e3,155e3,212e3,155e3,11e4,114e3,116e3,121e3,41e4,177e3,99500
1,19,143e3,98900,66100,219e3,138e3,271e3,133e3,262e3,12e4,118e3,172e3,163e3,88200,102e3,103e3,69e3,131e3,385e3,11e4,222e3,209e3,155e3,209e3,149e3,11e4,107e3,114e3,122e3,382e3,19e4,1e5
1,20,163e3,94800,84600,235e3,125e3,262e3,129e3,26e4,133e3,119e3,167e3,17e4,88900,103e3,99500,71200,134e3,356e3,104e3,202e3,199e3,16e4,21e4,146e3,113e3,97700,113e3,122e3,34e4,206e3,104e3
1,21,183e3,90900,91400,241e3,112e3,265e3,126e3,248e3,135e3,126e3,16e4,176e3,89100,105e3,99500,69200,139e3,338e3,1e5,192e3,179e3,156e3,216e3,141e3,114e3,89800,113e3,123e3,312e3,224e3,108e3
1,22,213e3,91300,84700,239e3,106e3,276e3,129e3,223e3,132e3,129e3,158e3,206e3,92600,105e3,97900,66400,139e3,328e3,102e3,184e3,163e3,148e3,236e3,136e3,115e3,86e3,112e3,124e3,322e3,236e3,108e3
1,23,228e3,92400,84100,222e3,111e3,286e3,131e3,211e3,136e3,135e3,159e3,216e3,89700,107e3,95800,65e3,138e3,317e3,106e3,173e3,159e3,143e3,265e3,134e3,123e3,83100,109e3,124e3,32e4,257e3,107e3
1,24,238e3,86900,83400,202e3,117e3,287e3,129e3,207e3,153e3,149e3,16e4,272e3,87100,108e3,103e3,63400,135e3,3e5,104e3,164e3,16e4,14e4,318e3,134e3,13e4,79200,96900,125e3,3e5,287e3,11e4
1,25,234e3,80300,82500,194e3,123e3,294e3,146e3,197e3,17e4,152e3,161e3,326e3,85200,107e3,104e3,63500,127e3,286e3,104e3,158e3,16e4,14e4,389e3,138e3,133e3,75300,89300,126e3,287e3,303e3,117e3
1,26,224e3,77600,81200,186e3,122e3,313e3,147e3,185e3,163e3,159e3,161e3,336e3,83800,104e3,108e3,64600,121e3,282e3,103e3,156e3,153e3,14e4,461e3,138e3,132e3,73100,86700,126e3,28e4,294e3,119e3
1,27,204e3,78400,82200,175e3,126e3,323e3,169e3,184e3,158e3,161e3,158e3,323e3,82e3,98100,105e3,66400,12e4,274e3,99100,161e3,149e3,137e3,498e3,132e3,141e3,73700,89e3,128e3,28e4,28e4,121e3
1,28,181e3,80500,84400,165e3,136e3,315e3,2e5,184e3,154e3,177e3,154e3,311e3,79900,93700,103e3,66500,117e3,261e3,94200,164e3,149e3,135e3,508e3,131e3,15e4,76e3,90200,129e3,28e4,273e3,127e3
1,29,17e4,83700,86100,158e3,145e3,307e3,211e3,19e4,136e3,189e3,15e4,295e3,87e3,90200,103e3,65400,111e3,251e3,98300,164e3,152e3,134e3,494e3,133e3,152e3,76200,85900,128e3,281e3,276e3,14e4
1,30,167e3,85500,84900,149e3,145e3,301e3,208e3,208e3,12e4,201e3,151e3,288e3,93200,89400,106e3,65100,102e3,244e3,105e3,157e3,151e3,133e3,458e3,131e3,152e3,84300,79800,13e4,28e4,282e3,147e3
1,31,163e3,86200,80700,139e3,142e3,294e3,205e3,227e3,111e3,207e3,154e3,299e3,93500,11e4,117e3,64400,97e3,239e3,11e4,145e3,147e3,135e3,423e3,129e3,151e3,114e3,78400,135e3,278e3,282e3,147e3
2,1,162e3,84500,81800,135e3,142e3,288e3,198e3,227e3,101e3,195e3,155e3,331e3,91600,175e3,173e3,64100,97900,231e3,119e3,14e4,136e3,136e3,382e3,13e4,153e3,139e3,82300,133e3,275e3,272e3,144e3
2,2,209e3,88e3,86100,137e3,141e3,28e4,19e4,217e3,101e3,18e4,159e3,363e3,88900,216e3,272e3,64700,98700,222e3,126e3,135e3,135e3,136e3,34e4,131e3,156e3,152e3,88600,133e3,27e4,258e3,139e3
2,3,257e3,113e3,97e3,141e3,14e4,269e3,182e3,212e3,103e3,171e3,161e3,386e3,85100,215e3,313e3,66e3,101e3,212e3,129e3,132e3,135e3,136e3,315e3,127e3,16e4,149e3,89600,136e3,265e3,243e3,133e3
2,4,269e3,118e3,103e3,141e3,138e3,263e3,177e3,219e3,11e4,176e3,157e3,379e3,83900,197e3,293e3,67800,103e3,204e3,122e3,128e3,142e3,132e3,298e3,121e3,161e3,148e3,85600,136e3,268e3,233e3,128e3
2,5,266e3,112e3,107e3,143e3,134e3,261e3,175e3,242e3,118e3,19e4,153e3,353e3,89500,187e3,257e3,69200,98300,198e3,119e3,121e3,157e3,124e3,292e3,118e3,168e3,149e3,80300,135e3,281e3,229e3,122e3
2,6,258e3,11e4,109e3,157e3,13e4,26e4,173e3,257e3,123e3,195e3,159e3,337e3,90800,173e3,222e3,69800,94100,195e3,119e3,111e3,197e3,117e3,297e3,118e3,182e3,142e3,79300,141e3,3e5,228e3,114e3
2,7,236e3,1e5,106e3,174e3,127e3,255e3,173e3,238e3,122e3,206e3,177e3,354e3,88500,162e3,2e5,68400,92500,196e3,118e3,102e3,258e3,121e3,289e3,124e3,187e3,136e3,81400,146e3,312e3,224e3,11e4
2,8,216e3,85400,101e3,198e3,128e3,249e3,167e3,21e4,117e3,214e3,189e3,409e3,89300,154e3,183e3,67800,93200,201e3,116e3,98700,293e3,138e3,279e3,133e3,192e3,132e3,85500,146e3,308e3,218e3,105e3
2,9,202e3,78e3,103e3,236e3,131e3,241e3,16e4,191e3,116e3,216e3,185e3,444e3,89800,144e3,169e3,70400,93600,217e3,114e3,93900,291e3,139e3,272e3,133e3,197e3,125e3,88700,146e3,289e3,213e3,101e3
2,10,197e3,82700,109e3,25e4,137e3,236e3,151e3,179e3,121e3,214e3,177e3,456e3,86800,147e3,16e4,71e3,91e3,229e3,112e3,90100,288e3,136e3,266e3,127e3,194e3,122e3,90100,143e3,271e3,206e3,98e3
2,11,188e3,86100,109e3,239e3,138e3,238e3,143e3,177e3,12e4,207e3,172e3,438e3,83600,197e3,156e3,72400,88300,239e3,109e3,88100,271e3,146e3,26e4,124e3,183e3,126e3,91800,14e4,255e3,196e3,101e3
2,12,183e3,81900,108e3,221e3,138e3,242e3,142e3,178e3,124e3,195e3,169e3,41e4,82100,278e3,154e3,72100,88300,254e3,104e3,87200,248e3,218e3,255e3,123e3,171e3,135e3,91100,141e3,233e3,189e3,104e3
2,13,176e3,74500,106e3,207e3,133e3,243e3,141e3,169e3,132e3,184e3,199e3,379e3,82300,327e3,149e3,70600,89900,259e3,1e5,97600,221e3,271e3,243e3,124e3,159e3,138e3,86600,143e3,226e3,186e3,101e3
2,14,166e3,87900,105e3,211e3,128e3,246e3,139e3,151e3,142e3,179e3,267e3,358e3,84300,327e3,147e3,69900,93600,272e3,97600,117e3,202e3,305e3,241e3,13e4,143e3,143e3,82100,145e3,219e3,179e3,96100
2,15,161e3,91800,121e3,213e3,128e3,254e3,135e3,142e3,154e3,181e3,285e3,348e3,86200,308e3,147e3,71800,95900,322e3,97700,116e3,207e3,326e3,231e3,136e3,131e3,153e3,77900,144e3,207e3,171e3,98300
2,16,163e3,89900,146e3,206e3,129e3,263e3,132e3,14e4,167e3,181e3,27e4,337e3,86300,291e3,149e3,74600,96e3,388e3,97e3,109e3,216e3,326e3,217e3,141e3,131e3,156e3,74300,146e3,2e5,17e4,105e3
2,17,159e3,93100,143e3,184e3,145e3,261e3,131e3,138e3,171e3,176e3,26e4,319e3,85700,275e3,148e3,86100,92600,429e3,99100,108e3,228e3,317e3,197e3,152e3,131e3,153e3,74e3,143e3,194e3,174e3,111e3
2,18,157e3,89100,141e3,168e3,176e3,245e3,128e3,138e3,171e3,172e3,266e3,3e5,96500,262e3,142e3,94700,90200,435e3,104e3,112e3,256e3,31e4,185e3,197e3,132e3,145e3,75e3,133e3,188e3,175e3,112e3
2,19,161e3,87600,144e3,171e3,183e3,225e3,129e3,139e3,167e3,166e3,267e3,29e4,112e3,248e3,137e3,99e3,86200,424e3,108e3,117e3,304e3,297e3,187e3,287e3,134e3,141e3,76800,129e3,193e3,177e3,109e3
2,20,175e3,87200,14e4,178e3,186e3,214e3,136e3,141e3,157e3,16e4,28e4,285e3,126e3,236e3,146e3,11e4,84200,408e3,103e3,123e3,368e3,281e3,19e4,341e3,138e3,135e3,78700,126e3,208e3,184e3,108e3
2,21,207e3,87600,75200,178e3,194e3,22e4,152e3,14e4,149e3,166e3,281e3,283e3,137e3,226e3,147e3,113e3,84500,388e3,88800,125e3,382e3,271e3,188e3,375e3,138e3,126e3,84400,122e3,22e4,191e3,124e3
2,22,241e3,87600,75e3,177e3,204e3,23e4,198e3,137e3,143e3,21e4,276e3,271e3,138e3,218e3,14e4,117e3,90800,36e4,82900,122e3,349e3,255e3,192e3,398e3,134e3,12e4,116e3,125e3,235e3,193e3,175e3
2,23,255e3,92e3,127e3,177e3,233e3,227e3,265e3,132e3,139e3,338e3,27e4,254e3,129e3,207e3,14e4,127e3,103e3,333e3,82e3,121e3,313e3,236e3,232e3,412e3,13e4,115e3,196e3,13e4,238e3,189e3,253e3
2,24,264e3,99200,136e3,18e4,248e3,221e3,333e3,134e3,143e3,431e3,261e3,24e4,119e3,197e3,151e3,126e3,114e3,317e3,82700,134e3,307e3,215e3,291e3,422e3,127e3,108e3,249e3,128e3,265e3,185e3,298e3
2,25,257e3,1e5,173e3,178e3,237e3,214e3,39e4,137e3,148e3,487e3,256e3,236e3,113e3,225e3,16e4,119e3,126e3,3e5,83500,175e3,284e3,2e5,307e3,44e4,127e3,103e3,269e3,119e3,297e3,186e3,376e3
2,26,25e4,98700,195e3,169e3,217e3,206e3,412e3,137e3,149e3,523e3,247e3,227e3,115e3,34e4,17e4,114e3,132e3,28e4,89700,241e3,271e3,195e3,284e3,448e3,128e3,107e3,254e3,114e3,308e3,185e3,407e3
2,27,248e3,99300,181e3,161e3,205e3,202e3,407e3,14e4,153e3,558e3,249e3,217e3,128e3,43e4,173e3,11e4,14e4,263e3,95500,301e3,268e3,198e3,253e3,458e3,126e3,132e3,224e3,116e3,314e3,189e3,409e3
2,28,231e3,98700,159e3,159e3,206e3,196e3,385e3,146e3,158e3,587e3,277e3,213e3,15e4,478e3,164e3,108e3,153e3,256e3,95100,326e3,256e3,206e3,236e3,469e3,124e3,147e3,199e3,118e3,316e3,201e3,41e4
2,29,211e3,NA,NA,NA,205e3,NA,NA,NA,17e4,NA,NA,NA,175e3,NA,NA,NA,15e4,NA,NA,NA,25e4,NA,NA,NA,124e3,NA,NA,NA,312e3,NA,NA
3,1,197e3,95e3,109e3,155e3,2e5,192e3,356e3,15e4,178e3,604e3,323e3,214e3,189e3,505e3,157e3,104e3,143e3,247e3,92700,327e3,246e3,218e3,223e3,471e3,126e3,153e3,181e3,11e4,299e3,217e3,406e3
3,2,186e3,90800,152e3,155e3,193e3,198e3,331e3,156e3,181e3,628e3,323e3,208e3,191e3,506e3,159e3,103e3,136e3,231e3,92e3,313e3,238e3,236e3,209e3,484e3,133e3,154e3,173e3,107e3,284e3,231e3,39e4
3,3,189e3,85900,146e3,156e3,184e3,219e3,307e3,167e3,178e3,63e4,297e3,202e3,184e3,481e3,164e3,103e3,132e3,222e3,91700,319e3,235e3,246e3,197e3,502e3,133e3,148e3,165e3,111e3,281e3,237e3,373e3
3,4,208e3,81200,142e3,158e3,17e4,23e4,289e3,172e3,165e3,604e3,279e3,206e3,175e3,432e3,168e3,104e3,146e3,219e3,91500,351e3,28e4,239e3,192e3,503e3,134e3,141e3,148e3,124e3,283e3,242e3,346e3
3,5,229e3,79100,131e3,179e3,161e3,302e3,281e3,169e3,151e3,571e3,27e4,212e3,179e3,377e3,168e3,104e3,177e3,214e3,91700,356e3,334e3,216e3,191e3,497e3,14e4,133e3,137e3,127e3,28e4,25e4,329e3
3,6,248e3,76800,126e3,223e3,16e4,395e3,281e3,16e4,153e3,544e3,265e3,22e4,182e3,331e3,159e3,101e3,24e4,205e3,90600,325e3,404e3,202e3,195e3,497e3,149e3,128e3,138e3,121e3,27e4,259e3,323e3
3,7,253e3,79500,128e3,235e3,163e3,448e3,294e3,168e3,167e3,514e3,26e4,226e3,182e3,307e3,143e3,97600,343e3,194e3,88e3,294e3,461e3,202e3,197e3,492e3,161e3,128e3,143e3,117e3,26e4,272e3,318e3
3,8,252e3,82200,125e3,229e3,174e3,475e3,323e3,206e3,188e3,486e3,255e3,227e3,174e3,294e3,136e3,96900,421e3,186e3,88200,269e3,477e3,196e3,198e3,486e3,178e3,12e4,143e3,12e4,253e3,284e3,321e3
3,9,257e3,86600,126e3,198e3,184e3,492e3,349e3,237e3,184e3,459e3,267e3,228e3,166e3,28e4,152e3,96200,457e3,177e3,118e3,241e3,47e4,188e3,201e3,483e3,184e3,118e3,139e3,125e3,248e3,288e3,318e3
3,10,253e3,96700,134e3,175e3,192e3,503e3,369e3,238e3,162e3,433e3,302e3,25e4,159e3,264e3,192e3,95800,449e3,169e3,155e3,219e3,448e3,197e3,223e3,477e3,178e3,126e3,133e3,132e3,246e3,288e3,307e3
3,11,24e4,106e3,144e3,173e3,203e3,506e3,385e3,232e3,148e3,415e3,357e3,294e3,154e3,249e3,198e3,92900,422e3,169e3,151e3,211e3,409e3,236e3,272e3,473e3,17e4,155e3,124e3,146e3,251e3,288e3,291e3
3,12,235e3,113e3,151e3,171e3,214e3,505e3,393e3,226e3,143e3,406e3,396e3,323e3,149e3,234e3,207e3,87300,384e3,178e3,166e3,203e3,362e3,292e3,335e3,47e4,16e4,291e3,121e3,158e3,247e3,286e3,284e3
3,13,24e4,126e3,172e3,163e3,231e3,494e3,386e3,206e3,14e4,4e5,406e3,319e3,148e3,225e3,212e3,83600,336e3,181e3,215e3,205e3,323e3,38e4,389e3,468e3,166e3,417e3,131e3,185e3,242e3,283e3,276e3
3,14,236e3,146e3,223e3,164e3,246e3,484e3,371e3,186e3,151e3,41e4,393e3,303e3,147e3,216e3,205e3,83800,305e3,175e3,218e3,223e3,299e3,437e3,434e3,471e3,171e3,467e3,161e3,229e3,242e3,278e3,258e3
3,15,229e3,167e3,251e3,177e3,25e4,477e3,354e3,18e4,162e3,42e4,363e3,291e3,142e3,206e3,197e3,90400,286e3,169e3,223e3,24e4,288e3,463e3,464e3,478e3,18e4,477e3,186e3,249e3,245e3,271e3,242e3
3,16,224e3,168e3,291e3,19e4,25e4,463e3,34e4,182e3,162e3,429e3,332e3,275e3,134e3,216e3,205e3,102e3,263e3,163e3,254e3,243e3,291e3,476e3,487e3,47e4,191e3,463e3,204e3,251e3,249e3,265e3,23e4
3,17,223e3,17e4,364e3,192e3,248e3,441e3,334e3,188e3,154e3,431e3,306e3,267e3,127e3,255e3,209e3,114e3,242e3,158e3,236e3,252e3,299e3,48e4,507e3,468e3,211e3,447e3,213e3,251e3,257e3,259e3,22e4
3,18,218e3,183e3,41e4,2e5,247e3,408e3,33e4,2e5,146e3,424e3,316e3,259e3,128e3,321e3,207e3,115e3,234e3,151e3,22e4,271e3,371e3,473e3,523e3,466e3,237e3,467e3,213e3,252e3,262e3,253e3,213e3
3,19,208e3,195e3,431e3,225e3,252e3,373e3,322e3,213e3,15e4,414e3,349e3,253e3,133e3,386e3,209e3,115e3,225e3,143e3,215e3,286e3,513e3,457e3,531e3,444e3,256e3,469e3,209e3,255e3,268e3,244e3,204e3
3,20,197e3,179e3,43e4,24e4,262e3,345e3,31e4,23e4,16e4,398e3,406e3,255e3,143e3,42e4,23e4,119e3,216e3,142e3,208e3,298e3,594e3,433e3,53e4,414e3,247e3,444e3,207e3,256e3,278e3,236e3,202e3
3,21,194e3,184e3,417e3,242e3,274e3,327e3,291e3,238e3,165e3,383e3,462e3,264e3,15e4,425e3,231e3,132e3,216e3,144e3,199e3,308e3,632e3,401e3,534e3,393e3,232e3,428e3,212e3,25e4,288e3,23e4,217e3
3,22,189e3,212e3,398e3,265e3,287e3,313e3,269e3,234e3,166e3,373e3,5e5,258e3,156e3,414e3,222e3,165e3,213e3,141e3,196e3,315e3,65e4,364e3,536e3,381e3,224e3,409e3,211e3,24e4,295e3,222e3,229e3
3,23,18e4,216e3,376e3,295e3,313e3,305e3,254e3,224e3,169e3,368e3,531e3,241e3,153e3,395e3,22e4,179e3,208e3,142e3,192e3,324e3,654e3,335e3,536e3,373e3,258e3,368e3,207e3,22e4,296e3,212e3,229e3
3,24,169e3,207e3,356e3,301e3,34e4,311e3,246e3,219e3,171e3,36e4,541e3,232e3,151e3,375e3,213e3,169e3,196e3,151e3,183e3,334e3,652e3,319e3,529e3,368e3,338e3,324e3,199e3,206e3,291e3,203e3,227e3
3,25,159e3,195e3,336e3,295e3,334e3,336e3,24e4,221e3,176e3,35e4,534e3,237e3,154e3,359e3,213e3,158e3,188e3,152e3,176e3,343e3,623e3,316e3,54e4,368e3,364e3,299e3,194e3,2e5,284e3,195e3,231e3
3,26,156e3,183e3,32e4,283e3,313e3,37e4,236e3,224e3,187e3,345e3,516e3,243e3,151e3,351e3,247e3,154e3,183e3,149e3,171e3,348e3,574e3,311e3,565e3,375e3,369e3,283e3,194e3,223e3,277e3,19e4,247e3
3,27,161e3,168e3,308e3,282e3,3e5,392e3,242e3,228e3,188e3,341e3,493e3,238e3,146e3,348e3,242e3,152e3,193e3,151e3,164e3,352e3,523e3,328e3,569e3,381e3,366e3,258e3,195e3,243e3,273e3,184e3,264e3
3,28,158e3,155e3,301e3,283e3,29e4,405e3,244e3,236e3,184e3,342e3,475e3,227e3,143e3,346e3,226e3,144e3,24e4,156e3,159e3,357e3,485e3,365e3,578e3,389e3,352e3,233e3,194e3,235e3,273e3,19e4,342e3
3,29,161e3,148e3,296e3,282e3,278e3,417e3,241e3,238e3,186e3,344e3,462e3,22e4,138e3,337e3,22e4,139e3,307e3,152e3,154e3,359e3,459e3,401e3,585e3,398e3,322e3,228e3,191e3,231e3,279e3,198e3,413e3
3,30,213e3,168e3,292e3,285e3,27e4,422e3,241e3,24e4,192e3,339e3,448e3,212e3,127e3,322e3,223e3,146e3,328e3,149e3,151e3,359e3,438e3,427e3,592e3,405e3,299e3,242e3,189e3,227e3,289e3,203e3,462e3
3,31,285e3,202e3,287e3,296e3,283e3,422e3,24e4,242e3,202e3,334e3,441e3,198e3,126e3,302e3,22e4,148e3,32e4,155e3,149e3,362e3,427e3,455e3,59e4,408e3,274e3,251e3,184e3,216e3,318e3,221e3,453e3
4,1,328e3,205e3,267e3,312e3,299e3,421e3,237e3,244e3,217e3,33e4,438e3,188e3,134e3,284e3,206e3,143e3,326e3,162e3,152e3,372e3,452e3,48e4,584e3,407e3,262e3,243e3,179e3,201e3,335e3,264e3,433e3
4,2,327e3,191e3,249e3,319e3,303e3,428e3,236e3,254e3,222e3,327e3,443e3,183e3,14e4,269e3,192e3,137e3,336e3,172e3,153e3,384e3,482e3,489e3,576e3,404e3,26e4,232e3,178e3,185e3,345e3,305e3,418e3
4,3,317e3,193e3,24e4,314e3,295e3,445e3,233e3,259e3,228e3,321e3,472e3,183e3,141e3,262e3,18e4,133e3,339e3,177e3,159e3,389e3,501e3,481e3,563e3,401e3,263e3,224e3,19e4,181e3,348e3,34e4,388e3
4,4,31e4,237e3,227e3,31e4,29e4,468e3,229e3,254e3,234e3,319e3,506e3,228e3,135e3,269e3,181e3,128e3,333e3,185e3,17e4,396e3,524e3,467e3,547e3,395e3,265e3,227e3,28e4,196e3,346e3,362e3,363e3
4,5,318e3,272e3,214e3,308e3,283e3,492e3,226e3,248e3,232e3,336e3,531e3,238e3,13e4,27e4,182e3,124e3,32e4,197e3,184e3,402e3,519e3,453e3,539e3,392e3,268e3,239e3,397e3,199e3,338e3,367e3,345e3
4,6,331e3,296e3,212e3,304e3,266e3,508e3,227e3,243e3,226e3,352e3,551e3,229e3,126e3,288e3,182e3,122e3,308e3,206e3,205e3,413e3,505e3,44e4,538e3,387e3,269e3,248e3,451e3,205e3,328e3,392e3,33e4
4,7,336e3,295e3,207e3,302e3,252e3,514e3,229e3,24e4,219e3,351e3,565e3,226e3,124e3,312e3,181e3,127e3,299e3,206e3,212e3,42e4,485e3,424e3,537e3,383e3,249e3,246e3,434e3,198e3,321e3,433e3,32e4
4,8,333e3,289e3,203e3,3e5,238e3,516e3,236e3,236e3,212e3,345e3,572e3,23e4,127e3,319e3,183e3,132e3,294e3,203e3,225e3,416e3,464e3,408e3,536e3,383e3,222e3,25e4,389e3,213e3,315e3,471e3,31e4
4,9,322e3,28e4,195e3,297e3,224e3,523e3,235e3,233e3,21e4,342e3,569e3,235e3,129e3,309e3,193e3,134e3,292e3,203e3,254e3,404e3,45e4,396e3,526e3,383e3,201e3,248e3,349e3,238e3,308e3,501e3,297e3
4,10,311e3,272e3,195e3,291e3,219e3,525e3,243e3,228e3,209e3,347e3,555e3,25e4,129e3,301e3,201e3,135e3,287e3,206e3,275e3,39e4,446e3,392e3,518e3,385e3,186e3,245e3,322e3,281e3,302e3,517e3,283e3
4,11,303e3,264e3,202e3,285e3,22e4,521e3,293e3,225e3,203e3,355e3,535e3,289e3,126e3,301e3,221e3,137e3,278e3,209e3,274e3,376e3,488e3,402e3,516e3,391e3,18e4,256e3,307e3,3e5,305e3,515e3,275e3
4,12,293e3,253e3,191e3,279e3,217e3,519e3,399e3,236e3,196e3,358e3,523e3,307e3,121e3,309e3,239e3,138e3,266e3,218e3,269e3,367e3,527e3,411e3,506e3,408e3,178e3,298e3,288e3,271e3,321e3,502e3,265e3
4,13,285e3,242e3,188e3,28e4,213e3,52e4,49e4,259e3,192e3,362e3,523e3,299e3,121e3,335e3,243e3,136e3,25e4,231e3,267e3,366e3,565e3,421e3,489e3,418e3,171e3,364e3,268e3,24e4,325e3,481e3,253e3
4,14,28e4,236e3,193e3,296e3,201e3,519e3,549e3,296e3,188e3,391e3,539e3,293e3,12e4,361e3,247e3,135e3,232e3,25e4,264e3,379e3,6e5,443e3,468e3,426e3,165e3,418e3,26e4,227e3,326e3,46e4,26e4
4,15,273e3,225e3,206e3,308e3,2e5,534e3,612e3,329e3,187e3,439e3,547e3,307e3,122e3,372e3,245e3,132e3,217e3,281e3,263e3,393e3,612e3,46e4,457e3,428e3,166e3,44e4,252e3,223e3,324e3,431e3,279e3
4,16,264e3,21e4,224e3,313e3,206e3,564e3,655e3,346e3,191e3,477e3,574e3,314e3,118e3,376e3,234e3,126e3,202e3,309e3,261e3,405e3,599e3,461e3,439e3,428e3,209e3,44e4,239e3,22e4,315e3,408e3,284e3
4,17,257e3,197e3,235e3,357e3,22e4,595e3,66e4,347e3,193e3,498e3,593e3,331e3,113e3,383e3,224e3,124e3,182e3,324e3,261e3,425e3,58e4,451e3,429e3,422e3,289e3,436e3,234e3,218e3,303e3,391e3,276e3
4,18,252e3,189e3,222e3,386e3,232e3,627e3,63e4,34e4,196e3,507e3,609e3,384e3,11e4,392e3,225e3,124e3,167e3,32e4,263e3,433e3,561e3,436e3,412e3,428e3,306e3,452e3,249e3,233e3,289e3,368e3,259e3
4,19,247e3,181e3,205e3,395e3,245e3,649e3,587e3,335e3,195e3,513e3,62e4,434e3,11e4,396e3,228e3,127e3,161e3,301e3,266e3,428e3,542e3,424e3,4e5,443e3,304e3,504e3,263e3,242e3,273e3,351e3,25e4
4,20,245e3,171e3,195e3,404e3,275e3,658e3,537e3,343e3,196e3,516e3,617e3,469e3,108e3,396e3,233e3,127e3,157e3,279e3,269e3,42e4,526e3,427e3,383e3,465e3,308e3,541e3,27e4,239e3,258e3,341e3,255e3
4,21,243e3,162e3,189e3,418e3,323e3,65e4,475e3,364e3,199e3,52e4,603e3,488e3,107e3,396e3,248e3,128e3,152e3,261e3,272e3,408e3,513e3,422e3,363e3,483e3,31e4,576e3,269e3,232e3,259e3,352e3,259e3
4,22,235e3,162e3,185e3,438e3,342e3,644e3,415e3,383e3,215e3,522e3,586e3,497e3,114e3,395e3,275e3,129e3,152e3,26e4,274e3,39e4,514e3,42e4,346e3,497e3,289e3,621e3,268e3,228e3,251e3,372e3,263e3
4,23,224e3,161e3,176e3,451e3,364e3,633e3,381e3,392e3,277e3,516e3,563e3,502e3,127e3,395e3,318e3,129e3,157e3,263e3,273e3,371e3,522e3,423e3,33e4,53e4,263e3,667e3,266e3,228e3,242e3,372e3,28e4
4,24,216e3,155e3,164e3,456e3,402e3,626e3,37e4,392e3,305e3,513e3,539e3,495e3,155e3,398e3,34e4,136e3,16e4,268e3,272e3,355e3,525e3,413e3,321e3,595e3,246e3,696e3,263e3,226e3,231e3,366e3,291e3
4,25,206e3,15e4,159e3,451e3,423e3,618e3,372e3,388e3,308e3,506e3,515e3,481e3,178e3,402e3,344e3,158e3,177e3,282e3,271e3,337e3,524e3,394e3,313e3,659e3,232e3,712e3,268e3,225e3,221e3,361e3,287e3
4,26,197e3,149e3,157e3,433e3,417e3,61e4,372e3,38e4,317e3,501e3,492e3,473e3,176e3,408e3,353e3,201e3,184e3,28e4,27e4,318e3,524e3,374e3,328e3,718e3,219e3,715e3,273e3,228e3,219e3,362e3,289e3
4,27,19e4,148e3,158e3,408e3,405e3,61e4,37e4,374e3,321e3,497e3,476e3,482e3,172e3,412e3,352e3,22e4,189e3,277e3,269e3,305e3,527e3,355e3,392e3,768e3,208e3,71e4,271e3,229e3,234e3,394e3,295e3
4,28,189e3,141e3,159e3,386e3,393e3,607e3,371e3,371e3,318e3,492e3,459e3,496e3,167e3,415e3,356e3,237e3,198e3,276e3,264e3,306e3,531e3,355e3,454e3,803e3,198e3,694e3,302e3,22e4,255e3,411e3,297e3
4,29,188e3,138e3,168e3,373e3,379e3,604e3,413e3,368e3,384e3,483e3,445e3,512e3,164e3,416e3,373e3,242e3,198e3,271e3,255e3,327e3,536e3,368e3,49e4,81e4,195e3,677e3,32e4,214e3,259e3,456e3,294e3
4,30,183e3,145e3,168e3,364e3,366e3,599e3,467e3,365e3,476e3,469e3,452e3,527e3,164e3,414e3,408e3,241e3,209e3,263e3,247e3,366e3,536e3,401e3,507e3,803e3,207e3,664e3,326e3,216e3,268e3,566e3,292e3
5,1,177e3,15e4,173e3,359e3,355e3,597e3,503e3,379e3,528e3,459e3,457e3,535e3,166e3,414e3,439e3,243e3,227e3,251e3,242e3,397e3,534e3,461e3,518e3,814e3,217e3,654e3,336e3,217e3,338e3,663e3,287e3
5,2,174e3,147e3,21e4,367e3,345e3,593e3,528e3,417e3,549e3,451e3,468e3,546e3,169e3,418e3,454e3,248e3,247e3,244e3,238e3,409e3,532e3,504e3,502e3,853e3,244e3,638e3,338e3,21e4,407e3,726e3,287e3
5,3,173e3,145e3,235e3,381e3,334e3,592e3,554e3,44e4,534e3,445e3,486e3,557e3,163e3,421e3,454e3,247e3,252e3,234e3,246e3,412e3,527e3,54e4,468e3,792e3,279e3,625e3,337e3,199e3,414e3,773e3,291e3
5,4,169e3,142e3,248e3,382e3,327e3,6e5,57e4,46e4,501e3,439e3,493e3,562e3,153e3,423e3,441e3,268e3,256e3,222e3,251e3,419e3,52e4,565e3,431e3,714e3,301e3,634e3,332e3,187e3,401e3,837e3,306e3
5,5,167e3,14e4,248e3,377e3,321e3,596e3,569e3,47e4,463e3,435e3,483e3,558e3,148e3,422e3,427e3,284e3,254e3,215e3,273e3,428e3,518e3,575e3,403e3,678e3,296e3,639e3,324e3,172e3,405e3,898e3,308e3
5,6,163e3,143e3,284e3,38e4,312e3,588e3,55e4,472e3,449e3,436e3,469e3,549e3,141e3,419e3,41e4,312e3,243e3,209e3,314e3,429e3,522e3,576e3,392e3,657e3,292e3,641e3,313e3,16e4,41e4,917e3,306e3
5,7,165e3,144e3,326e3,392e3,305e3,594e3,521e3,467e3,451e3,436e3,452e3,552e3,132e3,417e3,401e3,37e4,226e3,196e3,321e3,419e3,525e3,572e3,377e3,632e3,319e3,635e3,301e3,158e3,409e3,905e3,308e3
5,8,164e3,138e3,327e3,416e3,296e3,604e3,484e3,46e4,463e3,43e4,424e3,568e3,143e3,418e3,441e3,4e5,21e4,179e3,306e3,402e3,527e3,563e3,362e3,611e3,343e3,629e3,293e3,165e3,401e3,864e3,315e3
5,9,16e4,133e3,331e3,434e3,288e3,611e3,461e3,464e3,483e3,416e3,399e3,588e3,193e3,426e3,508e3,412e3,193e3,164e3,281e3,396e3,53e4,566e3,353e3,589e3,351e3,624e3,295e3,169e3,388e3,816e3,326e3
5,10,158e3,134e3,309e3,439e3,277e3,611e3,45e4,475e3,507e3,398e3,383e3,595e3,199e3,439e3,564e3,42e4,181e3,155e3,27e4,419e3,539e3,559e3,355e3,573e3,349e3,615e3,302e3,186e3,386e3,769e3,34e4
5,11,147e3,139e3,285e3,436e3,264e3,614e3,451e3,492e3,544e3,38e4,363e3,588e3,164e3,456e3,606e3,434e3,168e3,152e3,276e3,457e3,551e3,555e3,347e3,556e3,347e3,6e5,292e3,221e3,391e3,727e3,348e3
5,12,133e3,142e3,272e3,424e3,248e3,618e3,453e3,514e3,562e3,375e3,363e3,561e3,136e3,467e3,64e4,454e3,158e3,149e3,283e3,48e4,56e4,552e3,345e3,545e3,338e3,582e3,289e3,273e3,421e3,69e4,349e3
5,13,132e3,141e3,277e3,411e3,235e3,617e3,45e4,536e3,567e3,377e3,353e3,525e3,127e3,464e3,704e3,473e3,147e3,149e3,277e3,488e3,561e3,55e4,368e3,536e3,326e3,566e3,306e3,279e3,46e4,653e3,35e4
5,14,139e3,136e3,301e3,39e4,219e3,62e4,438e3,564e3,57e4,374e3,345e3,491e3,13e4,46e4,749e3,468e3,148e3,15e4,275e3,489e3,562e3,538e3,413e3,532e3,31e4,551e3,321e3,282e3,461e3,617e3,354e3
5,15,141e3,133e3,328e3,372e3,204e3,62e4,428e3,582e3,586e3,362e3,338e3,449e3,129e3,461e3,757e3,441e3,17e4,16e4,277e3,484e3,566e3,523e3,458e3,533e3,298e3,534e3,338e3,271e3,46e4,589e3,355e3
5,16,139e3,132e3,339e3,38e4,192e3,625e3,418e3,594e3,601e3,346e3,333e3,433e3,127e3,471e3,771e3,408e3,186e3,177e3,273e3,479e3,569e3,51e4,493e3,536e3,287e3,52e4,337e3,264e3,458e3,568e3,356e3
5,17,137e3,13e4,424e3,389e3,183e3,621e3,405e3,609e3,603e3,33e4,323e3,432e3,127e3,475e3,814e3,378e3,187e3,199e3,259e3,474e3,561e3,497e3,522e3,535e3,279e3,508e3,338e3,265e3,446e3,554e3,36e4
5,18,136e3,126e3,508e3,39e4,168e3,619e3,39e4,672e3,597e3,316e3,308e3,438e3,125e3,482e3,828e3,355e3,185e3,254e3,246e3,463e3,545e3,483e3,553e3,527e3,271e3,499e3,348e3,271e3,439e3,54e4,368e3
5,19,131e3,122e3,574e3,386e3,159e3,617e3,381e3,754e3,577e3,29e4,289e3,443e3,126e3,501e3,807e3,345e3,184e3,273e3,234e3,443e3,531e3,52e4,578e3,524e3,262e3,488e3,363e3,277e3,426e3,525e3,382e3
5,20,126e3,116e3,635e3,38e4,151e3,606e3,365e3,803e3,556e3,294e3,271e3,449e3,126e3,507e3,775e3,336e3,191e3,26e4,228e3,416e3,517e3,558e3,598e3,513e3,258e3,477e3,37e4,297e3,402e3,52e4,389e3
5,21,126e3,118e3,651e3,37e4,149e3,598e3,345e3,844e3,531e3,287e3,268e3,462e3,125e3,516e3,738e3,328e3,219e3,247e3,225e3,386e3,505e3,581e3,614e3,507e3,259e3,468e3,364e3,341e3,381e3,515e3,388e3
5,22,125e3,117e3,636e3,354e3,149e3,586e3,322e3,855e3,502e3,284e3,275e3,477e3,127e3,528e3,692e3,319e3,25e4,239e3,225e3,355e3,49e4,596e3,614e3,51e4,26e4,467e3,353e3,362e3,352e3,518e3,392e3
5,23,126e3,115e3,595e3,345e3,156e3,564e3,306e3,856e3,474e3,283e3,284e3,488e3,136e3,536e3,649e3,317e3,275e3,235e3,222e3,326e3,475e3,596e3,618e3,522e3,254e3,471e3,345e3,36e4,335e3,531e3,402e3
5,24,127e3,116e3,541e3,343e3,165e3,54e4,291e3,848e3,445e3,281e3,296e3,491e3,155e3,53e4,606e3,316e3,296e3,232e3,217e3,306e3,459e3,585e3,618e3,53e4,237e3,473e3,339e3,349e3,316e3,541e3,419e3
5,25,126e3,117e3,518e3,342e3,172e3,515e3,277e3,831e3,425e3,276e3,303e3,488e3,166e3,516e3,559e3,323e3,287e3,224e3,218e3,292e3,441e3,563e3,599e3,538e3,221e3,466e3,334e3,332e3,303e3,546e3,419e3
5,26,123e3,118e3,477e3,343e3,178e3,494e3,265e3,813e3,41e4,273e3,301e3,489e3,171e3,497e3,52e4,342e3,292e3,218e3,219e3,281e3,445e3,539e3,583e3,541e3,208e3,451e3,329e3,317e3,299e3,546e3,4e5
5,27,122e3,127e3,489e3,352e3,18e4,472e3,253e3,805e3,41e4,276e3,311e3,494e3,179e3,471e3,494e3,343e3,336e3,222e3,217e3,275e3,464e3,508e3,563e3,545e3,188e3,43e4,324e3,327e3,314e3,543e3,376e3
5,28,118e3,143e3,497e3,38e4,176e3,453e3,251e3,806e3,436e3,288e3,326e3,5e5,199e3,442e3,482e3,333e3,4e5,222e3,212e3,272e3,478e3,484e3,541e3,555e3,162e3,407e3,319e3,356e3,329e3,536e3,353e3
5,29,113e3,149e3,516e3,404e3,17e4,441e3,245e3,802e3,47e4,317e3,329e3,499e3,238e3,409e3,487e3,322e3,464e3,212e3,205e3,28e4,484e3,47e4,514e3,576e3,148e3,404e3,314e3,379e3,349e3,525e3,337e3
5,30,105e3,155e3,54e4,415e3,165e3,428e3,236e3,799e3,506e3,343e3,316e3,498e3,254e3,378e3,486e3,31e4,495e3,204e3,198e3,302e3,474e3,458e3,492e3,595e3,151e3,428e3,309e3,394e3,392e3,514e3,324e3
5,31,1e5,164e3,554e3,418e3,157e3,414e3,229e3,798e3,54e4,407e3,299e3,493e3,235e3,358e3,472e3,3e5,5e5,199e3,189e3,315e3,454e3,448e3,464e3,607e3,158e3,464e3,304e3,427e3,429e3,507e3,313e3
6,1,97800,166e3,539e3,417e3,149e3,403e3,22e4,801e3,575e3,428e3,282e3,483e3,218e3,346e3,445e3,288e3,484e3,195e3,183e3,311e3,448e3,435e3,442e3,61e4,158e3,516e3,297e3,448e3,45e4,502e3,306e3
6,2,93600,159e3,51e4,417e3,146e3,396e3,217e3,799e3,602e3,409e3,266e3,483e3,198e3,342e3,406e3,271e3,469e3,189e3,18e4,304e3,442e3,414e3,417e3,603e3,16e4,573e3,291e3,452e3,455e3,499e3,298e3
6,3,96e3,159e3,474e3,409e3,145e3,393e3,214e3,789e3,621e3,38e4,261e3,48e4,187e3,345e3,375e3,257e3,463e3,182e3,19e4,312e3,432e3,395e3,393e3,596e3,167e3,639e3,285e3,439e3,444e3,495e3,291e3
6,4,101e3,167e3,434e3,402e3,143e3,386e3,218e3,773e3,63e4,339e3,263e3,473e3,197e3,368e3,36e4,244e3,475e3,178e3,205e3,323e3,431e3,382e3,376e3,588e3,172e3,711e3,28e4,419e3,419e3,491e3,285e3
6,5,104e3,177e3,389e3,403e3,142e3,378e3,22e4,756e3,623e3,324e3,279e3,473e3,205e3,399e3,351e3,229e3,49e4,176e3,203e3,331e3,447e3,369e3,37e4,583e3,174e3,771e3,28e4,4e5,4e5,493e3,273e3
6,6,103e3,185e3,349e3,397e3,137e3,373e3,22e4,743e3,618e3,307e3,292e3,475e3,206e3,435e3,339e3,217e3,491e3,173e3,195e3,344e3,466e3,358e3,382e3,577e3,178e3,795e3,285e3,387e3,376e3,49e4,26e4
6,7,99100,184e3,34e4,382e3,134e3,379e3,215e3,724e3,623e3,293e3,31e4,475e3,215e3,471e3,327e3,206e3,483e3,173e3,188e3,338e3,485e3,352e3,395e3,577e3,185e3,789e3,297e3,392e3,356e3,482e3,252e3
6,8,95300,182e3,362e3,372e3,134e3,393e3,219e3,705e3,622e3,279e3,308e3,473e3,22e4,509e3,33e4,201e3,469e3,201e3,177e3,318e3,509e3,345e3,411e3,578e3,192e3,766e3,32e4,416e3,345e3,474e3,245e3
6,9,90300,179e3,392e3,362e3,132e3,423e3,227e3,686e3,609e3,266e3,293e3,465e3,221e3,546e3,342e3,198e3,457e3,261e3,167e3,302e3,525e3,339e3,421e3,579e3,196e3,734e3,364e3,451e3,34e4,458e3,24e4
6,10,88500,183e3,425e3,35e4,133e3,452e3,229e3,667e3,599e3,258e3,284e3,455e3,221e3,578e3,353e3,187e3,443e3,282e3,156e3,292e3,534e3,333e3,432e3,572e3,194e3,692e3,392e3,476e3,331e3,441e3,24e4
6,11,90300,18e4,463e3,344e3,131e3,462e3,23e4,651e3,593e3,247e3,296e3,44e4,225e3,599e3,363e3,195e3,433e3,278e3,146e3,287e3,542e3,333e3,444e3,564e3,192e3,667e3,408e3,496e3,318e3,423e3,238e3
6,12,86500,185e3,467e3,345e3,125e3,465e3,239e3,635e3,589e3,242e3,312e3,428e3,228e3,612e3,378e3,243e3,424e3,283e3,143e3,285e3,553e3,349e3,45e4,556e3,192e3,637e3,429e3,502e3,308e3,412e3,234e3
6,13,84100,187e3,448e3,339e3,123e3,462e3,244e3,621e3,579e3,237e3,329e3,417e3,235e3,613e3,402e3,265e3,411e3,292e3,145e3,289e3,562e3,387e3,45e4,547e3,194e3,61e4,443e3,49e4,306e3,392e3,231e3
6,14,81700,187e3,43e4,331e3,126e3,459e3,239e3,606e3,562e3,248e3,334e3,414e3,239e3,59e4,42e4,304e3,399e3,288e3,151e3,289e3,57e4,425e3,442e3,535e3,193e3,587e3,439e3,465e3,302e3,37e4,242e3
6,15,79400,173e3,388e3,326e3,128e3,455e3,232e3,591e3,538e3,256e3,35e4,408e3,238e3,562e3,441e3,321e3,396e3,304e3,152e3,277e3,574e3,434e3,441e3,529e3,192e3,569e3,422e3,454e3,298e3,35e4,256e3
6,16,76500,155e3,359e3,323e3,126e3,449e3,229e3,579e3,517e3,268e3,376e3,404e3,238e3,524e3,453e3,303e3,395e3,332e3,148e3,262e3,583e3,423e3,456e3,527e3,188e3,554e3,4e5,468e3,298e3,34e4,269e3
6,17,77500,145e3,362e3,324e3,121e3,441e3,231e3,567e3,494e3,267e3,389e3,406e3,272e3,486e3,453e3,274e3,405e3,343e3,145e3,254e3,595e3,428e3,483e3,53e4,187e3,539e3,372e3,51e4,297e3,333e3,282e3
6,18,79e3,14e4,375e3,322e3,115e3,436e3,234e3,555e3,472e3,268e3,402e3,409e3,325e3,453e3,444e3,254e3,425e3,325e3,142e3,254e3,612e3,452e3,508e3,543e3,187e3,527e3,339e3,565e3,299e3,321e3,292e3
6,19,80800,136e3,391e3,32e4,12e4,431e3,236e3,536e3,449e3,275e3,422e3,407e3,335e3,443e3,427e3,244e3,449e3,298e3,137e3,243e3,634e3,48e4,526e3,564e3,186e3,521e3,322e3,599e3,302e3,31e4,3e5
6,20,78400,132e3,42e4,332e3,133e3,428e3,234e3,513e3,428e3,279e3,435e3,403e3,329e3,446e3,405e3,235e3,459e3,28e4,132e3,231e3,657e3,501e3,545e3,59e4,181e3,52e4,321e3,667e3,309e3,305e3,3e5
6,21,77100,121e3,435e3,34e4,135e3,422e3,23e4,489e3,42e4,292e3,445e3,394e3,33e4,447e3,378e3,225e3,456e3,263e3,125e3,223e3,671e3,513e3,557e3,604e3,176e3,518e3,317e3,708e3,31e4,303e3,3e5
6,22,76400,122e3,454e3,335e3,133e3,421e3,228e3,462e3,417e3,287e3,453e3,384e3,334e3,433e3,347e3,211e3,45e4,25e4,122e3,215e3,678e3,505e3,565e3,612e3,166e3,509e3,317e3,724e3,304e3,3e5,303e3
6,23,73e3,126e3,471e3,327e3,135e3,419e3,225e3,438e3,41e4,277e3,467e3,378e3,34e4,415e3,32e4,198e3,442e3,242e3,122e3,212e3,682e3,484e3,572e3,614e3,159e3,497e3,329e3,728e3,298e3,304e3,302e3
6,24,71500,135e3,484e3,315e3,144e3,418e3,224e3,419e3,4e5,275e3,487e3,388e3,347e3,42e4,301e3,185e3,433e3,234e3,119e3,212e3,682e3,462e3,58e4,611e3,156e3,478e3,351e3,728e3,294e3,307e3,3e5
6,25,70800,137e3,499e3,304e3,149e3,425e3,236e3,404e3,391e3,284e3,503e3,386e3,374e3,438e3,287e3,175e3,429e3,23e4,119e3,232e3,683e3,444e3,585e3,608e3,159e3,464e3,373e3,719e3,302e3,3e5,308e3
6,26,71600,128e3,51e4,294e3,147e3,437e3,247e3,392e3,381e3,281e3,509e3,369e3,395e3,449e3,28e4,173e3,425e3,224e3,122e3,25e4,684e3,436e3,591e3,602e3,161e3,448e3,381e3,706e3,318e3,296e3,32e4
6,27,72600,117e3,512e3,286e3,149e3,449e3,258e3,385e3,377e3,271e3,506e3,361e3,398e3,448e3,271e3,197e3,42e4,22e4,124e3,25e4,688e3,434e3,598e3,599e3,159e3,438e3,391e3,696e3,313e3,292e3,349e3
6,28,73100,115e3,511e3,282e3,15e4,469e3,268e3,38e4,385e3,275e3,494e3,358e3,401e3,439e3,262e3,214e3,413e3,214e3,124e3,241e3,691e3,431e3,608e3,6e5,158e3,428e3,4e5,689e3,293e3,29e4,361e3
6,29,73300,112e3,499e3,272e3,148e3,485e3,285e3,392e3,398e3,275e3,472e3,345e3,416e3,423e3,255e3,209e3,405e3,208e3,125e3,232e3,695e3,419e3,612e3,596e3,157e3,417e3,407e3,692e3,274e3,284e3,388e3
6,30,73500,103e3,49e4,256e3,142e3,496e3,29e4,404e3,41e4,275e3,451e3,334e3,426e3,4e5,249e3,193e3,394e3,206e3,124e3,219e3,703e3,398e3,615e3,599e3,16e4,412e3,41e4,702e3,257e3,278e3,405e3
7,1,73100,97300,477e3,245e3,131e3,503e3,279e3,403e3,415e3,275e3,432e3,334e3,425e3,381e3,246e3,179e3,383e3,207e3,123e3,212e3,707e3,369e3,619e3,604e3,163e3,411e3,415e3,712e3,247e3,274e3,407e3
7,2,71900,105e3,456e3,239e3,123e3,505e3,269e3,401e3,405e3,273e3,424e3,359e3,413e3,365e3,24e4,173e3,369e3,204e3,123e3,224e3,71e4,34e4,618e3,612e3,164e3,418e3,421e3,722e3,24e4,285e3,408e3
7,3,70200,115e3,438e3,235e3,122e3,51e4,26e4,394e3,392e3,269e3,433e3,394e3,393e3,351e3,232e3,172e3,354e3,198e3,122e3,241e3,71e4,318e3,612e3,618e3,168e3,433e3,426e3,721e3,231e3,34e4,413e3
7,4,69400,116e3,418e3,231e3,129e3,527e3,255e3,385e3,374e3,268e3,451e3,42e4,37e4,346e3,227e3,175e3,338e3,196e3,116e3,241e3,707e3,303e3,601e3,62e4,174e3,444e3,434e3,712e3,232e3,38e4,418e3
7,5,69100,111e3,405e3,226e3,146e3,558e3,244e3,372e3,358e3,265e3,463e3,418e3,347e3,337e3,222e3,183e3,32e4,199e3,108e3,241e3,701e3,314e3,589e3,621e3,172e3,449e3,441e3,702e3,256e3,388e3,424e3
7,6,68200,107e3,395e3,218e3,152e3,591e3,228e3,356e3,344e3,265e3,458e3,405e3,327e3,329e3,219e3,185e3,306e3,199e3,103e3,242e3,691e3,347e3,572e3,619e3,168e3,451e3,445e3,687e3,301e3,377e3,428e3
7,7,68700,105e3,388e3,207e3,14e4,622e3,216e3,354e3,329e3,26e4,449e3,383e3,312e3,329e3,214e3,183e3,294e3,196e3,99800,236e3,677e3,353e3,555e3,607e3,163e3,451e3,454e3,667e3,318e3,363e3,429e3
7,8,70100,101e3,381e3,198e3,134e3,659e3,219e3,371e3,32e4,246e3,45e4,36e4,301e3,331e3,209e3,181e3,272e3,193e3,1e5,237e3,653e3,321e3,538e3,596e3,163e3,449e3,467e3,639e3,316e3,348e3,428e3
7,9,70800,96100,37e4,195e3,137e3,702e3,227e3,388e3,316e3,238e3,454e3,341e3,3e5,329e3,204e3,18e4,267e3,189e3,102e3,238e3,623e3,296e3,531e3,588e3,166e3,442e3,48e4,612e3,317e3,323e3,426e3
7,10,68700,89400,357e3,19e4,141e3,74e4,225e3,401e3,312e3,231e3,452e3,324e3,299e3,314e3,198e3,183e3,269e3,187e3,97400,231e3,59e4,28e4,535e3,576e3,169e3,431e3,493e3,591e3,316e3,298e3,421e3
7,11,65700,85300,343e3,202e3,156e3,759e3,221e3,404e3,303e3,226e3,451e3,316e3,291e3,296e3,196e3,202e3,267e3,181e3,88500,217e3,561e3,271e3,554e3,566e3,16e4,42e4,51e4,599e3,308e3,271e3,412e3
7,12,65200,84600,327e3,233e3,177e3,781e3,213e3,392e3,296e3,228e3,449e3,314e3,27e4,279e3,193e3,228e3,262e3,175e3,84800,2e5,539e3,269e3,571e3,553e3,149e3,41e4,527e3,619e3,282e3,247e3,4e5
7,13,65400,84300,312e3,26e4,185e3,799e3,207e3,379e3,294e3,225e3,444e3,309e3,262e3,264e3,194e3,239e3,259e3,165e3,85300,187e3,52e4,274e3,576e3,54e4,139e3,401e3,536e3,631e3,251e3,236e3,385e3
7,14,68100,83600,296e3,259e3,188e3,828e3,209e3,361e3,283e3,223e3,437e3,3e5,264e3,25e4,196e3,24e4,258e3,156e3,89400,183e3,497e3,278e3,57e4,53e4,135e3,385e3,537e3,623e3,23e4,238e3,369e3
7,15,74800,84500,282e3,238e3,193e3,864e3,211e3,336e3,265e3,222e3,427e3,293e3,263e3,236e3,194e3,238e3,262e3,146e3,96200,179e3,475e3,275e3,563e3,52e4,128e3,364e3,529e3,612e3,223e3,237e3,363e3
7,16,77800,87700,273e3,232e3,199e3,837e3,208e3,313e3,249e3,222e3,415e3,287e3,259e3,227e3,186e3,238e3,274e3,141e3,102e3,172e3,456e3,279e3,55e4,504e3,121e3,344e3,515e3,605e3,234e3,234e3,363e3
7,17,76600,86600,264e3,23e4,247e3,815e3,21e4,294e3,237e3,223e3,398e3,275e3,258e3,223e3,177e3,232e3,283e3,135e3,101e3,166e3,436e3,294e3,537e3,493e3,117e3,327e3,5e5,597e3,259e3,242e3,349e3
7,18,77700,79700,252e3,213e3,326e3,836e3,212e3,278e3,23e4,221e3,374e3,266e3,257e3,212e3,165e3,228e3,277e3,126e3,101e3,162e3,416e3,292e3,522e3,479e3,113e3,314e3,485e3,577e3,257e3,254e3,329e3
7,19,78400,72400,241e3,204e3,335e3,866e3,206e3,267e3,23e4,223e3,345e3,259e3,257e3,221e3,159e3,232e3,261e3,117e3,102e3,159e3,397e3,278e3,51e4,467e3,111e3,3e5,469e3,549e3,238e3,252e3,312e3
7,20,8e4,71300,235e3,195e3,315e3,889e3,202e3,258e3,231e3,224e3,311e3,257e3,273e3,221e3,157e3,242e3,246e3,114e3,1e5,157e3,381e3,253e3,493e3,452e3,11e4,285e3,453e3,529e3,217e3,238e3,299e3
7,21,81500,73100,233e3,186e3,303e3,889e3,2e5,254e3,234e3,221e3,287e3,251e3,282e3,204e3,153e3,241e3,243e3,107e3,98500,167e3,366e3,228e3,485e3,435e3,108e3,272e3,434e3,525e3,218e3,223e3,293e3
7,22,79300,83500,237e3,176e3,29e4,891e3,203e3,25e4,243e3,218e3,272e3,246e3,281e3,194e3,155e3,228e3,244e3,103e3,99100,189e3,352e3,21e4,487e3,421e3,105e3,262e3,408e3,534e3,231e3,21e4,292e3
7,23,78e3,94e3,252e3,169e3,28e4,874e3,201e3,247e3,268e3,217e3,263e3,243e3,274e3,189e3,161e3,211e3,238e3,103e3,101e3,2e5,344e3,199e3,496e3,411e3,104e3,247e3,383e3,546e3,237e3,201e3,289e3
7,24,76200,98400,274e3,163e3,278e3,885e3,196e3,248e3,315e3,227e3,255e3,239e3,263e3,183e3,16e4,2e5,226e3,102e3,101e3,188e3,348e3,196e3,511e3,403e3,105e3,231e3,355e3,55e4,26e4,201e3,284e3
7,25,76e3,101e3,293e3,159e3,275e3,865e3,192e3,25e4,358e3,236e3,246e3,233e3,247e3,184e3,159e3,198e3,219e3,97400,96500,173e3,362e3,197e3,538e3,402e3,103e3,215e3,331e3,542e3,292e3,207e3,275e3
7,26,77800,102e3,298e3,158e3,268e3,812e3,19e4,248e3,371e3,229e3,243e3,23e4,227e3,191e3,157e3,192e3,213e3,99400,92600,164e3,373e3,198e3,545e3,403e3,99400,203e3,315e3,52e4,31e4,224e3,271e3
7,27,81300,1e5,281e3,16e4,265e3,834e3,189e3,251e3,349e3,215e3,241e3,233e3,204e3,187e3,155e3,185e3,205e3,108e3,91200,158e3,381e3,194e3,543e3,404e3,96400,198e3,3e5,489e3,311e3,244e3,272e3
7,28,81700,99400,252e3,162e3,288e3,863e3,187e3,246e3,313e3,206e3,239e3,238e3,185e3,182e3,15e4,18e4,197e3,111e3,89500,151e3,4e5,189e3,541e3,411e3,95600,195e3,285e3,473e3,299e3,261e3,269e3
7,29,77500,96700,229e3,161e3,331e3,887e3,183e3,241e3,285e3,208e3,271e3,242e3,171e3,19e4,147e3,173e3,192e3,108e3,89200,146e3,429e3,195e3,538e3,42e4,95500,182e3,275e3,461e3,287e3,274e3,266e3
7,30,72500,91500,215e3,158e3,371e3,87e4,176e3,234e3,264e3,212e3,316e3,248e3,171e3,205e3,144e3,165e3,194e3,109e3,92600,146e3,452e3,2e5,53e4,424e3,95400,172e3,26e4,451e3,282e3,285e3,262e3
7,31,69900,90700,225e3,156e3,375e3,871e3,169e3,227e3,248e3,215e3,34e4,253e3,16e4,204e3,144e3,162e3,205e3,11e4,96300,148e3,481e3,197e3,523e3,429e3,95200,165e3,235e3,445e3,277e3,303e3,258e3
8,1,68600,93800,266e3,151e3,362e3,886e3,164e3,224e3,24e4,213e3,348e3,256e3,153e3,193e3,149e3,156e3,204e3,106e3,94e3,149e3,496e3,186e3,523e3,43e4,96100,166e3,211e3,438e3,272e3,32e4,254e3
8,2,66500,94900,283e3,144e3,348e3,899e3,161e3,222e3,242e3,207e3,335e3,26e4,154e3,189e3,147e3,148e3,201e3,103e3,90400,145e3,509e3,177e3,524e3,431e3,96300,166e3,195e3,426e3,269e3,302e3,246e3
8,3,64900,93300,282e3,138e3,356e3,916e3,154e3,226e3,245e3,199e3,313e3,264e3,15e4,199e3,143e3,143e3,189e3,103e3,86600,142e3,52e4,165e3,526e3,437e3,94900,153e3,185e3,411e3,271e3,269e3,236e3
8,4,66400,89300,27e4,136e3,37e4,919e3,15e4,235e3,239e3,194e3,296e3,262e3,145e3,201e3,136e3,137e3,174e3,102e3,80200,141e3,518e3,157e3,523e3,443e3,92800,137e3,176e3,394e3,33e4,241e3,227e3
8,5,67500,86400,261e3,129e3,354e3,934e3,15e4,249e3,228e3,195e3,271e3,256e3,145e3,187e3,13e4,129e3,167e3,96400,78300,135e3,497e3,156e3,514e3,446e3,91e3,14e4,168e3,385e3,369e3,231e3,219e3
8,6,67600,84500,262e3,122e3,321e3,966e3,147e3,272e3,222e3,197e3,264e3,246e3,144e3,176e3,128e3,125e3,169e3,89900,79200,126e3,454e3,148e3,497e3,445e3,88700,14e4,161e3,371e3,36e4,223e3,211e3
8,7,67800,84e3,271e3,121e3,299e3,978e3,14e4,29e4,216e3,197e3,265e3,236e3,139e3,172e3,125e3,123e3,179e3,87500,88e3,119e3,39e4,145e3,482e3,44e4,86500,138e3,158e3,357e3,343e3,21e4,206e3
8,8,68100,95600,275e3,125e3,283e3,963e3,135e3,315e3,213e3,196e3,263e3,23e4,134e3,169e3,125e3,122e3,196e3,84600,94400,115e3,338e3,143e3,469e3,427e3,85200,143e3,161e3,341e3,326e3,187e3,204e3
8,9,65600,104e3,27e4,133e3,27e4,951e3,134e3,321e3,212e3,193e3,254e3,23e4,138e3,167e3,125e3,116e3,193e3,86e3,94500,114e3,304e3,138e3,454e3,409e3,86900,166e3,187e3,316e3,308e3,173e3,204e3
8,10,63400,99100,262e3,137e3,264e3,924e3,136e3,295e3,206e3,189e3,25e4,228e3,152e3,164e3,123e3,114e3,179e3,86700,94600,121e3,282e3,133e3,444e3,398e3,87900,244e3,199e3,292e3,285e3,203e3,201e3
8,11,63400,89400,248e3,135e3,257e3,903e3,136e3,264e3,212e3,183e3,251e3,222e3,17e4,163e3,118e3,109e3,17e4,82500,94600,134e3,263e3,135e3,436e3,388e3,87900,305e3,189e3,276e3,256e3,227e3,199e3
8,12,64100,81600,232e3,133e3,262e3,88e4,133e3,25e4,233e3,178e3,244e3,214e3,173e3,161e3,12e4,104e3,155e3,78600,94300,151e3,247e3,142e3,43e4,378e3,84800,31e4,183e3,263e3,234e3,214e3,209e3
8,13,68400,81e3,215e3,132e3,254e3,851e3,126e3,25e4,252e3,175e3,239e3,215e3,161e3,152e3,122e3,1e5,147e3,76800,91300,165e3,229e3,153e3,429e3,371e3,79300,283e3,172e3,264e3,225e3,198e3,212e3
8,14,74900,77500,204e3,134e3,235e3,83e4,126e3,244e3,246e3,177e3,236e3,225e3,147e3,142e3,125e3,97300,141e3,79300,87e3,168e3,209e3,163e3,43e4,371e3,77100,248e3,165e3,274e3,237e3,188e3,206e3
8,15,79200,70600,196e3,137e3,217e3,809e3,125e3,23e4,235e3,181e3,228e3,218e3,135e3,133e3,128e3,94300,134e3,9e4,85600,17e4,185e3,166e3,432e3,366e3,76400,223e3,158e3,284e3,284e3,182e3,198e3
8,16,78800,66600,187e3,139e3,204e3,787e3,129e3,212e3,223e3,177e3,221e3,203e3,118e3,119e3,133e3,92900,125e3,92600,82400,165e3,177e3,166e3,438e3,358e3,77100,207e3,152e3,272e3,359e3,179e3,197e3
8,17,73900,65900,179e3,138e3,192e3,771e3,133e3,197e3,212e3,173e3,217e3,192e3,111e3,103e3,135e3,91300,115e3,94800,8e4,156e3,177e3,165e3,442e3,351e3,78600,186e3,151e3,247e3,347e3,176e3,193e3
8,18,71700,66900,171e3,136e3,182e3,757e3,14e4,203e3,201e3,169e3,207e3,183e3,112e3,98900,136e3,88800,111e3,93200,80700,149e3,175e3,167e3,445e3,349e3,79200,165e3,16e4,224e3,315e3,171e3,181e3
8,19,71500,69600,171e3,136e3,176e3,736e3,143e3,23e4,207e3,178e3,192e3,179e3,119e3,99300,139e3,85700,111e3,88200,83800,147e3,17e4,179e3,445e3,349e3,79400,153e3,19e4,208e3,299e3,156e3,177e3
8,20,74800,72400,183e3,134e3,169e3,707e3,146e3,239e3,205e3,191e3,186e3,172e3,127e3,104e3,136e3,82500,11e4,85700,89400,139e3,162e3,201e3,442e3,347e3,79300,149e3,178e3,207e3,289e3,147e3,184e3
8,21,78300,75e3,193e3,13e4,163e3,685e3,147e3,233e3,207e3,201e3,192e3,165e3,128e3,105e3,144e3,80900,107e3,90500,91400,131e3,156e3,23e4,436e3,343e3,78900,143e3,175e3,207e3,272e3,147e3,194e3
8,22,77800,79500,203e3,121e3,156e3,662e3,145e3,226e3,209e3,202e3,191e3,155e3,127e3,104e3,156e3,78500,11e4,99200,88200,125e3,158e3,284e3,435e3,343e3,79600,141e3,183e3,198e3,257e3,155e3,192e3
8,23,73700,81100,206e3,118e3,149e3,634e3,148e3,219e3,206e3,194e3,18e4,153e3,125e3,103e3,158e3,76e3,117e3,108e3,84500,135e3,155e3,302e3,437e3,34e4,79700,139e3,191e3,197e3,245e3,157e3,18e4
8,24,71500,79500,212e3,118e3,142e3,611e3,149e3,216e3,197e3,188e3,169e3,152e3,124e3,104e3,157e3,75400,118e3,107e3,81200,153e3,148e3,279e3,441e3,334e3,78900,135e3,184e3,202e3,239e3,16e4,175e3
8,25,73700,85300,226e3,116e3,134e3,593e3,148e3,213e3,198e3,182e3,157e3,155e3,128e3,117e3,171e3,77300,113e3,11e4,78500,179e3,141e3,244e3,439e3,332e3,78400,134e3,177e3,207e3,238e3,178e3,18e4
8,26,70900,98800,225e3,114e3,122e3,576e3,141e3,209e3,202e3,177e3,152e3,159e3,141e3,143e3,206e3,80100,105e3,117e3,77e3,208e3,131e3,215e3,424e3,333e3,78100,136e3,175e3,209e3,237e3,245e3,195e3
8,27,72100,106e3,221e3,109e3,111e3,56e4,132e3,208e3,202e3,175e3,153e3,161e3,163e3,141e3,218e3,79500,127e3,116e3,78900,236e3,124e3,199e3,402e3,336e3,77e3,132e3,186e3,204e3,237e3,271e3,21e4
8,28,75900,112e3,219e3,106e3,106e3,549e3,129e3,205e3,196e3,175e3,156e3,163e3,168e3,129e3,213e3,77600,183e3,108e3,89600,263e3,12e4,185e3,386e3,333e3,77200,127e3,191e3,195e3,24e4,251e3,212e3
8,29,78800,114e3,22e4,103e3,112e3,535e3,128e3,203e3,186e3,175e3,156e3,163e3,151e3,122e3,205e3,75500,262e3,106e3,92500,289e3,117e3,183e3,366e3,324e3,77400,122e3,184e3,186e3,265e3,232e3,212e3
8,30,81800,112e3,223e3,96800,123e3,524e3,129e3,201e3,176e3,176e3,161e3,165e3,132e3,121e3,195e3,86100,327e3,119e3,105e3,332e3,114e3,217e3,344e3,318e3,81600,115e3,185e3,178e3,291e3,218e3,206e3
8,31,79200,119e3,23e4,92400,121e3,512e3,124e3,197e3,168e3,175e3,167e3,165e3,121e3,13e4,189e3,85100,326e3,131e3,113e3,357e3,119e3,266e3,324e3,311e3,84600,106e3,193e3,172e3,327e3,21e4,222e3
9,1,76400,129e3,239e3,93500,111e3,5e5,123e3,189e3,163e3,18e4,175e3,159e3,113e3,139e3,186e3,79200,322e3,134e3,11e4,355e3,122e3,297e3,31e4,298e3,87100,102e3,196e3,17e4,342e3,208e3,242e3
9,2,75700,135e3,242e3,96800,104e3,489e3,12e4,179e3,164e3,177e3,183e3,155e3,112e3,138e3,179e3,85400,302e3,13e4,112e3,34e4,12e4,311e3,297e3,287e3,92600,101e3,195e3,169e3,333e3,203e3,241e3
9,3,78e3,165e3,243e3,96500,98e3,488e3,119e3,171e3,163e3,174e3,18e4,15e4,113e3,132e3,17e4,124e3,262e3,13e4,115e3,324e3,118e3,31e4,286e3,277e3,103e3,102e3,22e4,165e3,326e3,197e3,233e3
9,4,73800,173e3,24e4,93e3,97e3,485e3,118e3,164e3,157e3,168e3,164e3,147e3,113e3,119e3,162e3,136e3,238e3,125e3,11e4,308e3,116e3,289e3,289e3,27e4,11e4,104e3,28e4,163e3,331e3,192e3,232e3
9,5,68200,166e3,233e3,92600,97600,486e3,116e3,16e4,146e3,169e3,146e3,145e3,105e3,109e3,153e3,131e3,216e3,11e4,105e3,292e3,127e3,24e4,307e3,266e3,107e3,1e5,294e3,167e3,341e3,183e3,24e4
9,6,66e3,155e3,223e3,92200,105e3,491e3,117e3,162e3,138e3,169e3,137e3,142e3,1e5,108e3,144e3,139e3,191e3,95300,102e3,278e3,185e3,204e3,322e3,263e3,99500,95200,266e3,173e3,336e3,178e3,257e3
9,7,68e3,146e3,213e3,88900,109e3,496e3,119e3,163e3,13e4,167e3,135e3,141e3,95300,108e3,134e3,129e3,168e3,89100,97300,261e3,277e3,189e3,321e3,26e4,95300,92300,25e4,171e3,317e3,174e3,277e3
9,8,70300,132e3,21e4,83200,115e3,498e3,118e3,163e3,128e3,164e3,134e3,137e3,90500,105e3,127e3,113e3,153e3,85800,92100,241e3,282e3,171e3,305e3,259e3,91900,91700,253e3,168e3,292e3,172e3,351e3
9,9,68100,121e3,203e3,79300,128e3,499e3,119e3,17e4,127e3,168e3,13e4,13e4,90300,104e3,124e3,101e3,143e3,82e3,88900,213e3,245e3,16e4,285e3,253e3,91600,93100,246e3,165e3,273e3,17e4,437e3
9,10,67100,13e4,186e3,79200,135e3,499e3,12e4,179e3,127e3,164e3,123e3,131e3,87200,109e3,122e3,93500,133e3,83100,88200,195e3,205e3,152e3,275e3,245e3,94300,95700,231e3,17e4,275e3,165e3,464e3
9,11,67900,174e3,156e3,81300,153e3,497e3,119e3,182e3,125e3,169e3,116e3,131e3,89800,11e4,123e3,87300,128e3,89500,88200,193e3,182e3,147e3,258e3,24e4,93100,96500,25e4,166e3,326e3,159e3,481e3
9,12,67600,228e3,131e3,86800,189e3,494e3,121e3,179e3,122e3,164e3,115e3,125e3,95200,106e3,121e3,81500,126e3,92800,85200,194e3,167e3,147e3,259e3,232e3,91200,94400,307e3,167e3,389e3,153e3,485e3
9,13,66600,288e3,126e3,92100,218e3,492e3,119e3,172e3,127e3,16e4,115e3,123e3,99500,107e3,121e3,77800,121e3,88700,85200,19e4,169e3,144e3,284e3,222e3,85800,90400,349e3,181e3,387e3,148e3,48e4
9,14,64500,317e3,128e3,97700,22e4,49e4,115e3,167e3,135e3,156e3,111e3,12e4,99100,113e3,125e3,77600,116e3,84100,90900,191e3,202e3,137e3,296e3,215e3,78800,89900,393e3,199e3,351e3,141e3,468e3
9,15,63700,317e3,131e3,107e3,204e3,491e3,112e3,161e3,135e3,152e3,107e3,119e3,1e5,118e3,126e3,78e3,112e3,83300,95100,191e3,313e3,134e3,291e3,217e3,74400,92800,435e3,211e3,327e3,135e3,452e3
9,16,60500,286e3,135e3,111e3,187e3,494e3,109e3,152e3,139e3,144e3,11e4,12e4,108e3,118e3,126e3,83800,11e4,86700,99800,182e3,444e3,131e3,275e3,22e4,73400,94900,455e3,207e3,308e3,132e3,437e3
9,17,62800,257e3,132e3,115e3,168e3,508e3,109e3,146e3,131e3,141e3,121e3,121e3,112e3,119e3,126e3,98700,113e3,89700,104e3,17e4,513e3,127e3,258e3,207e3,73400,94300,454e3,192e3,326e3,129e3,427e3
9,18,66400,231e3,127e3,118e3,163e3,524e3,11e4,143e3,122e3,143e3,191e3,122e3,113e3,118e3,126e3,109e3,119e3,92700,109e3,157e3,572e3,125e3,251e3,196e3,72900,90200,44e4,182e3,387e3,126e3,415e3
9,19,69700,209e3,124e3,122e3,178e3,536e3,108e3,139e3,118e3,15e4,241e3,123e3,114e3,112e3,127e3,107e3,126e3,94700,115e3,146e3,619e3,126e3,252e3,186e3,74700,88e3,421e3,177e3,428e3,123e3,404e3
9,20,7e4,184e3,123e3,128e3,194e3,539e3,114e3,134e3,114e3,153e3,221e3,122e3,118e3,106e3,126e3,95800,129e3,93800,116e3,139e3,645e3,124e3,273e3,183e3,79300,90100,396e3,171e3,412e3,122e3,396e3
9,21,75700,168e3,128e3,133e3,221e3,535e3,123e3,133e3,112e3,157e3,195e3,124e3,117e3,104e3,131e3,87600,131e3,97400,113e3,135e3,64e4,121e3,33e4,184e3,78700,91300,367e3,171e3,379e3,123e3,385e3
9,22,83700,161e3,125e3,133e3,247e3,53e4,118e3,132e3,118e3,16e4,177e3,12e4,112e3,111e3,131e3,87700,128e3,103e3,108e3,132e3,605e3,123e3,357e3,192e3,76200,91900,338e3,18e4,362e3,121e3,367e3
9,23,81800,158e3,123e3,133e3,257e3,546e3,116e3,131e3,12e4,161e3,163e3,12e4,107e3,148e3,123e3,91900,126e3,112e3,112e3,129e3,555e3,128e3,356e3,196e3,75e3,94100,315e3,187e3,366e3,121e3,344e3
9,24,86800,152e3,124e3,133e3,26e4,577e3,122e3,131e3,125e3,158e3,152e3,119e3,107e3,172e3,116e3,95900,135e3,115e3,121e3,127e3,479e3,125e3,357e3,189e3,74e3,96300,3e5,186e3,361e3,125e3,321e3
9,25,102e3,143e3,127e3,133e3,259e3,603e3,133e3,132e3,129e3,156e3,146e3,117e3,104e3,169e3,115e3,98200,152e3,112e3,115e3,123e3,394e3,12e4,386e3,192e3,72800,96300,287e3,177e3,35e4,128e3,309e3
9,26,104e3,139e3,128e3,134e3,245e3,628e3,145e3,129e3,124e3,16e4,147e3,116e3,1e5,158e3,114e3,98400,161e3,11e4,104e3,121e3,328e3,119e3,415e3,201e3,72200,96100,272e3,169e3,34e4,128e3,301e3
9,27,98800,133e3,126e3,133e3,234e3,653e3,149e3,127e3,13e4,161e3,153e3,114e3,109e3,147e3,11e4,99e3,162e3,113e3,102e3,122e3,293e3,128e3,428e3,199e3,75400,95900,258e3,163e3,328e3,127e3,298e3
9,28,92600,121e3,123e3,131e3,227e3,683e3,151e3,131e3,14e4,159e3,157e3,112e3,119e3,138e3,104e3,95900,157e3,112e3,105e3,122e3,273e3,15e4,43e4,198e3,83500,93400,239e3,159e3,314e3,122e3,302e3
9,29,89500,113e3,121e3,129e3,219e3,705e3,154e3,143e3,148e3,16e4,159e3,113e3,122e3,135e3,98800,93800,152e3,114e3,104e3,127e3,261e3,165e3,427e3,195e3,85300,91200,217e3,151e3,305e3,119e3,308e3
9,30,89600,105e3,119e3,129e3,209e3,723e3,157e3,144e3,159e3,162e3,157e3,119e3,115e3,138e3,96200,88600,146e3,13e4,103e3,129e3,258e3,16e4,419e3,199e3,84e3,90100,206e3,144e3,319e3,122e3,314e3
10,1,90300,158e3,111e3,125e3,196e3,725e3,159e3,135e3,177e3,156e3,151e3,134e3,109e3,136e3,98300,81100,138e3,135e3,102e3,125e3,255e3,144e3,401e3,207e3,82200,88400,197e3,152e3,34e4,122e3,322e3
10,2,92900,93700,101e3,117e3,18e4,728e3,163e3,127e3,182e3,146e3,149e3,149e3,107e3,131e3,1e5,79300,131e3,129e3,1e5,121e3,248e3,136e3,379e3,205e3,78900,85500,189e3,166e3,336e3,118e3,329e3
10,3,87900,90700,96e3,115e3,162e3,723e3,165e3,128e3,176e3,141e3,152e3,156e3,105e3,125e3,102e3,79100,125e3,12e4,95800,119e3,236e3,137e3,362e3,199e3,75600,83800,217e3,169e3,331e3,117e3,336e3
10,4,84300,88900,97600,116e3,143e3,704e3,163e3,134e3,168e3,14e4,16e4,149e3,1e5,116e3,106e3,74400,123e3,114e3,91300,12e4,226e3,137e3,35e4,195e3,74500,82900,294e3,161e3,331e3,121e3,343e3
10,5,84900,86800,97600,118e3,133e3,689e3,162e3,137e3,158e3,139e3,171e3,14e4,94400,106e3,11e4,72100,122e3,112e3,89800,126e3,217e3,134e3,346e3,191e3,74300,82200,364e3,153e3,333e3,126e3,347e3
10,6,87200,80600,101e3,136e3,129e3,664e3,154e3,135e3,154e3,137e3,175e3,135e3,98900,102e3,117e3,72e3,12e4,115e3,88400,129e3,21e4,134e3,344e3,185e3,74600,82400,394e3,145e3,337e3,129e3,35e4
10,7,90600,77300,97700,162e3,124e3,635e3,144e3,138e3,148e3,138e3,214e3,131e3,114e3,105e3,125e3,71e3,118e3,126e3,88100,135e3,204e3,138e3,344e3,175e3,75600,84500,373e3,14e4,34e4,135e3,35e4
10,8,94100,82e3,95200,152e3,119e3,594e3,135e3,138e3,138e3,138e3,348e3,128e3,117e3,105e3,128e3,69200,116e3,164e3,89400,144e3,195e3,145e3,349e3,165e3,76700,89600,335e3,139e3,341e3,14e4,353e3
10,9,87700,87100,97e3,143e3,114e3,548e3,133e3,137e3,127e3,136e3,404e3,127e3,115e3,108e3,132e3,67100,113e3,173e3,91600,151e3,191e3,182e3,353e3,155e3,76500,94900,302e3,134e3,347e3,14e4,369e3
10,10,78500,84e3,114e3,142e3,111e3,501e3,138e3,136e3,121e3,136e3,413e3,127e3,112e3,112e3,134e3,67e3,112e3,157e3,90400,158e3,189e3,28e4,356e3,153e3,75100,97700,281e3,127e3,356e3,138e3,395e3
10,11,71200,80500,126e3,138e3,114e3,454e3,139e3,142e3,122e3,136e3,399e3,122e3,104e3,118e3,133e3,73e3,111e3,144e3,88400,164e3,187e3,39e4,358e3,149e3,70900,98e3,277e3,122e3,364e3,148e3,435e3
10,12,66700,80900,13e4,132e3,112e3,412e3,133e3,153e3,123e3,133e3,372e3,12e4,95800,118e3,132e3,80800,112e3,137e3,86100,172e3,178e3,414e3,358e3,14e4,68200,99500,281e3,116e3,363e3,173e3,483e3
10,13,63500,78700,128e3,122e3,112e3,374e3,128e3,161e3,122e3,135e3,334e3,12e4,92700,124e3,138e3,76500,115e3,133e3,85100,173e3,168e3,374e3,355e3,132e3,66900,102e3,294e3,113e3,352e3,216e3,517e3
10,14,61300,79800,131e3,114e3,115e3,346e3,129e3,162e3,121e3,134e3,292e3,121e3,93200,141e3,146e3,71700,124e3,13e4,86500,173e3,162e3,33e4,352e3,127e3,66500,105e3,311e3,112e3,341e3,238e3,543e3
10,15,64900,78800,132e3,105e3,124e3,332e3,133e3,167e3,12e4,136e3,257e3,121e3,93600,145e3,154e3,69100,128e3,129e3,85400,175e3,16e4,309e3,347e3,125e3,69500,105e3,326e3,113e3,328e3,235e3,562e3
10,16,66900,79e3,129e3,97400,149e3,319e3,13e4,168e3,119e3,137e3,231e3,118e3,93500,145e3,152e3,69400,122e3,132e3,85300,179e3,157e3,304e3,34e4,126e3,79600,101e3,352e3,114e3,313e3,235e3,575e3
10,17,66300,79900,127e3,94200,163e3,314e3,129e3,165e3,117e3,14e4,217e3,117e3,98800,144e3,152e3,71800,116e3,135e3,92100,184e3,155e3,295e3,331e3,126e3,91900,97200,389e3,112e3,3e5,249e3,58e4
10,18,67200,85800,126e3,91e3,167e3,31e4,129e3,168e3,12e4,155e3,212e3,114e3,108e3,142e3,159e3,76e3,111e3,134e3,93300,196e3,156e3,281e3,324e3,128e3,1e5,93e3,423e3,109e3,283e3,265e3,582e3
10,19,68900,81200,127e3,89100,168e3,308e3,127e3,177e3,126e3,165e3,219e3,111e3,112e3,144e3,159e3,84300,106e3,136e3,92500,197e3,158e3,264e3,316e3,131e3,96200,87200,422e3,105e3,265e3,274e3,578e3
10,20,70500,79800,123e3,87700,162e3,313e3,127e3,182e3,126e3,165e3,266e3,109e3,11e4,148e3,164e3,85700,111e3,137e3,90200,219e3,16e4,244e3,307e3,133e3,89e3,85700,377e3,102e3,259e3,274e3,567e3
10,21,74100,81800,115e3,88400,157e3,317e3,126e3,18e4,124e3,165e3,326e3,109e3,104e3,152e3,167e3,80400,117e3,137e3,87100,27e4,157e3,229e3,298e3,133e3,85900,87900,334e3,101e3,281e3,27e4,548e3
10,22,78e3,84400,117e3,89200,155e3,32e4,123e3,179e3,128e3,164e3,356e3,108e3,95200,156e3,164e3,72200,113e3,138e3,85400,299e3,152e3,219e3,286e3,131e3,86900,89800,307e3,101e3,278e3,263e3,528e3
10,23,80500,83800,119e3,88800,15e4,318e3,123e3,175e3,138e3,164e3,358e3,108e3,87600,148e3,161e3,70200,108e3,14e4,88200,297e3,146e3,236e3,273e3,127e3,88800,93400,289e3,102e3,263e3,258e3,509e3
10,24,78700,78900,117e3,88e3,145e3,315e3,127e3,175e3,142e3,164e3,334e3,108e3,86500,141e3,157e3,73500,105e3,138e3,91700,286e3,146e3,287e3,26e4,124e3,90600,99400,282e3,102e3,252e3,252e3,49e4
10,25,79800,76300,114e3,89300,139e3,305e3,131e3,173e3,139e3,164e3,303e3,108e3,91e3,156e3,154e3,75e3,106e3,134e3,91800,279e3,153e3,365e3,248e3,121e3,94700,105e3,269e3,105e3,243e3,247e3,473e3
10,26,76200,74700,115e3,90400,134e3,295e3,134e3,165e3,139e3,165e3,275e3,107e3,97200,175e3,152e3,76500,112e3,128e3,93700,271e3,159e3,413e3,239e3,121e3,97600,106e3,258e3,105e3,23e4,246e3,458e3
10,27,74500,74e3,121e3,99300,128e3,29e4,135e3,154e3,161e3,163e3,251e3,109e3,96500,18e4,153e3,77e3,118e3,123e3,101e3,263e3,179e3,433e3,232e3,121e3,96700,101e3,253e3,104e3,219e3,256e3,446e3
10,28,74700,73400,126e3,105e3,122e3,285e3,135e3,155e3,193e3,162e3,229e3,11e4,93300,168e3,143e3,77500,123e3,116e3,124e3,254e3,218e3,446e3,228e3,122e3,96900,93600,244e3,101e3,215e3,252e3,NA
10,29,72400,72600,128e3,113e3,12e4,283e3,136e3,16e4,197e3,159e3,22e4,112e3,91900,159e3,133e3,76200,127e3,111e3,12e4,242e3,235e3,453e3,226e3,124e3,95600,92400,236e3,102e3,214e3,238e3,NA
10,30,75400,73100,133e3,124e3,119e3,281e3,138e3,16e4,187e3,157e3,213e3,11e4,93e3,158e3,136e3,73400,134e3,107e3,106e3,233e3,231e3,477e3,222e3,123e3,94600,95200,219e3,106e3,215e3,232e3,406e3
10,31,75800,74e3,135e3,135e3,115e3,276e3,141e3,158e3,182e3,162e3,211e3,109e3,95200,151e3,142e3,73e3,136e3,98900,96100,229e3,22e4,537e3,22e4,122e3,94200,99800,208e3,111e3,216e3,23e4,395e3
11,1,76700,76100,132e3,132e3,114e3,271e3,143e3,166e3,182e3,17e4,211e3,11e4,98400,146e3,142e3,72e3,134e3,93200,94100,227e3,209e3,586e3,219e3,119e3,93300,112e3,203e3,116e3,216e3,224e3,401e3
11,2,76900,76800,125e3,136e3,115e3,263e3,144e3,168e3,182e3,175e3,208e3,111e3,99200,143e3,14e4,7e4,137e3,95800,95300,225e3,198e3,619e3,21e4,114e3,91800,113e3,197e3,121e3,218e3,216e3,402e3
11,3,75900,77900,12e4,145e3,117e3,256e3,143e3,175e3,186e3,177e3,212e3,112e3,93200,138e3,134e3,70700,178e3,97200,92700,22e4,185e3,643e3,205e3,112e3,89e3,114e3,194e3,127e3,221e3,217e3,396e3
11,4,72100,86900,122e3,147e3,122e3,253e3,15e4,186e3,196e3,175e3,253e3,11e4,87700,136e3,128e3,71500,235e3,93e3,92500,215e3,173e3,654e3,205e3,113e3,88700,116e3,187e3,13e4,235e3,212e3,385e3
11,5,77e3,97800,123e3,152e3,129e3,247e3,182e3,2e5,2e5,17e4,328e3,107e3,85900,137e3,127e3,74700,251e3,87100,91200,209e3,161e3,647e3,216e3,123e3,88e3,112e3,178e3,138e3,244e3,2e5,376e3
11,6,81100,99300,124e3,154e3,133e3,243e3,196e3,205e3,188e3,169e3,378e3,107e3,89200,137e3,126e3,84400,244e3,85200,87900,204e3,153e3,622e3,222e3,13e4,87e3,111e3,172e3,149e3,248e3,196e3,376e3
11,7,79800,95400,124e3,163e3,148e3,238e3,195e3,206e3,185e3,175e3,395e3,11e4,93900,139e3,127e3,99400,242e3,85600,83700,197e3,146e3,59e4,225e3,13e4,85500,113e3,169e3,154e3,245e3,19e4,NA
11,8,79300,92700,117e3,175e3,167e3,23e4,193e3,215e3,206e3,175e3,385e3,112e3,106e3,137e3,127e3,113e3,234e3,86300,78300,187e3,142e3,557e3,228e3,129e3,84200,113e3,168e3,151e3,24e4,18e4,NA
11,9,79300,86800,116e3,174e3,179e3,225e3,201e3,214e3,232e3,17e4,361e3,11e4,115e3,131e3,125e3,12e4,223e3,85800,76e3,181e3,137e3,521e3,226e3,136e3,84e3,111e3,166e3,148e3,235e3,176e3,NA
11,10,82100,83500,117e3,165e3,184e3,222e3,21e4,203e3,253e3,167e3,333e3,107e3,116e3,125e3,126e3,119e3,208e3,85700,76e3,169e3,142e3,483e3,224e3,144e3,84e3,112e3,165e3,145e3,228e3,172e3,NA
11,11,84200,78600,119e3,16e4,186e3,218e3,219e3,209e3,25e4,163e3,32e4,105e3,123e3,126e3,122e3,115e3,196e3,86100,76800,157e3,165e3,452e3,222e3,15e4,84100,115e3,163e3,143e3,219e3,165e3,NA
11,12,88500,77500,117e3,157e3,212e3,216e3,22e4,219e3,241e3,161e3,338e3,107e3,131e3,127e3,115e3,112e3,21e4,85500,76500,146e3,177e3,429e3,222e3,154e3,86400,117e3,159e3,14e4,209e3,163e3,NA
11,13,86e3,76800,113e3,152e3,242e3,216e3,211e3,217e3,232e3,161e3,359e3,107e3,142e3,124e3,112e3,108e3,219e3,81700,77100,137e3,172e3,406e3,221e3,157e3,88900,116e3,158e3,142e3,198e3,161e3,NA
11,14,88300,74300,111e3,147e3,255e3,244e3,197e3,217e3,223e3,16e4,366e3,111e3,15e4,121e3,111e3,106e3,209e3,77300,77e3,138e3,167e3,385e3,221e3,159e3,87900,112e3,154e3,14e4,193e3,161e3,339e3
11,15,89500,71400,108e3,148e3,281e3,358e3,189e3,219e3,206e3,158e3,36e4,111e3,153e3,118e3,112e3,1e5,195e3,94300,77800,139e3,164e3,364e3,219e3,169e3,87800,111e3,152e3,136e3,187e3,163e3,335e3
11,16,96700,71700,109e3,15e4,287e3,398e3,178e3,222e3,191e3,156e3,342e3,108e3,143e3,114e3,112e3,93300,185e3,115e3,85200,136e3,16e4,343e3,216e3,171e3,91700,111e3,151e3,133e3,184e3,158e3,334e3
11,17,106e3,71700,108e3,148e3,264e3,425e3,164e3,215e3,183e3,154e3,319e3,106e3,136e3,112e3,112e3,88500,174e3,106e3,97800,131e3,155e3,371e3,219e3,169e3,96500,119e3,155e3,139e3,179e3,155e3,335e3
11,18,108e3,69800,106e3,141e3,238e3,446e3,157e3,223e3,177e3,152e3,299e3,107e3,136e3,111e3,11e4,91e3,163e3,101e3,99900,124e3,151e3,437e3,231e3,164e3,96200,118e3,155e3,176e3,174e3,156e3,332e3
11,19,106e3,66200,103e3,14e4,222e3,466e3,155e3,215e3,177e3,151e3,286e3,105e3,132e3,108e3,109e3,145e3,156e3,94e3,94600,12e4,15e4,475e3,243e3,154e3,91700,109e3,15e4,237e3,173e3,16e4,326e3
11,20,111e3,69e3,101e3,168e3,215e3,483e3,152e3,204e3,178e3,152e3,279e3,106e3,132e3,106e3,108e3,186e3,152e3,92600,91100,115e3,15e4,499e3,242e3,145e3,88300,106e3,146e3,306e3,171e3,162e3,321e3
11,21,122e3,68600,99200,193e3,226e3,474e3,151e3,194e3,209e3,15e4,27e4,108e3,134e3,105e3,108e3,187e3,15e4,91100,88200,113e3,152e3,518e3,233e3,146e3,86600,107e3,139e3,335e3,161e3,159e3,317e3
11,22,136e3,68e3,1e5,197e3,268e3,429e3,157e3,188e3,259e3,151e3,259e3,101e3,132e3,104e3,104e3,181e3,151e3,89700,86400,111e3,153e3,524e3,226e3,148e3,85200,113e3,129e3,333e3,158e3,154e3,317e3
11,23,142e3,64500,99300,195e3,377e3,379e3,186e3,181e3,268e3,151e3,247e3,97100,126e3,104e3,102e3,172e3,15e4,90400,85800,109e3,151e3,511e3,225e3,152e3,85300,111e3,118e3,313e3,158e3,151e3,312e3
11,24,142e3,62500,97e3,201e3,442e3,339e3,22e4,176e3,26e4,148e3,243e3,99e3,123e3,101e3,101e3,167e3,143e3,91100,84700,106e3,145e3,471e3,227e3,154e3,86400,109e3,111e3,284e3,158e3,154e3,298e3
11,25,137e3,63800,95800,206e3,476e3,317e3,224e3,175e3,259e3,146e3,235e3,103e3,119e3,101e3,101e3,163e3,147e3,89400,83900,107e3,14e4,417e3,24e4,15e4,86800,11e4,114e3,263e3,156e3,156e3,282e3
11,26,134e3,63400,93100,196e3,493e3,307e3,21e4,166e3,293e3,144e3,23e4,11e4,114e3,115e3,102e3,151e3,173e3,86600,82300,108e3,136e3,373e3,279e3,144e3,83900,112e3,139e3,253e3,151e3,156e3,279e3
11,27,137e3,64200,88700,195e3,492e3,302e3,196e3,17e4,29e4,139e3,23e4,114e3,114e3,124e3,1e5,141e3,213e3,82700,80700,109e3,131e3,347e3,287e3,15e4,80900,113e3,155e3,248e3,147e3,156e3,281e3
11,28,132e3,66300,103e3,206e3,478e3,292e3,2e5,165e3,282e3,133e3,224e3,112e3,117e3,122e3,98600,142e3,248e3,86700,79500,109e3,126e3,33e4,278e3,152e3,80100,11e4,161e3,273e3,154e3,154e3,285e3
11,29,125e3,64400,131e3,202e3,46e4,284e3,196e3,166e3,282e3,132e3,221e3,115e3,115e3,127e3,99300,142e3,284e3,111e3,78200,106e3,126e3,322e3,264e3,161e3,81700,102e3,165e3,322e3,171e3,153e3,284e3
11,30,124e3,62600,146e3,193e3,444e3,277e3,186e3,163e3,272e3,141e3,216e3,118e3,114e3,14e4,97100,137e3,304e3,117e3,81600,102e3,125e3,324e3,256e3,169e3,82800,93400,163e3,391e3,171e3,152e3,282e3
12,1,124e3,61300,147e3,191e3,426e3,272e3,181e3,158e3,257e3,153e3,21e4,121e3,112e3,157e3,94700,127e3,301e3,111e3,108e3,101e3,119e3,323e3,246e3,173e3,82700,89100,161e3,44e4,17e4,15e4,285e3
12,2,122e3,60300,144e3,202e3,403e3,264e3,184e3,155e3,245e3,164e3,202e3,117e3,11e4,163e3,94900,124e3,298e3,104e3,149e3,101e3,12e4,309e3,231e3,171e3,80500,88400,161e3,455e3,173e3,147e3,295e3
12,3,122e3,60500,144e3,232e3,381e3,267e3,186e3,149e3,248e3,167e3,194e3,115e3,11e4,163e3,94900,122e3,288e3,98500,159e3,99400,12e4,3e5,218e3,168e3,77e3,87e3,161e3,46e4,179e3,144e3,313e3
12,4,117e3,61200,148e3,242e3,362e3,284e3,183e3,139e3,264e3,174e3,209e3,113e3,11e4,164e3,95300,112e3,272e3,97500,16e4,97e3,115e3,286e3,212e3,164e3,74300,87700,16e4,457e3,186e3,14e4,352e3
12,5,106e3,61200,158e3,239e3,344e3,294e3,181e3,13e4,272e3,187e3,222e3,112e3,109e3,164e3,92900,108e3,256e3,95400,157e3,95600,111e3,276e3,213e3,181e3,73500,89300,157e3,453e3,191e3,138e3,386e3
12,6,101e3,59e3,157e3,227e3,329e3,291e3,18e4,134e3,269e3,186e3,218e3,113e3,11e4,163e3,91600,108e3,24e4,94700,147e3,93400,11e4,264e3,217e3,186e3,75500,88400,164e3,444e3,195e3,135e3,418e3
12,7,94800,57300,154e3,213e3,31e4,288e3,177e3,143e3,259e3,18e4,21e4,118e3,107e3,157e3,84200,101e3,239e3,92800,139e3,89600,109e3,255e3,212e3,178e3,77400,86100,181e3,419e3,196e3,133e3,436e3
12,8,94800,57e3,155e3,191e3,29e4,282e3,172e3,145e3,251e3,179e3,205e3,122e3,99700,148e3,76800,93e3,282e3,88800,132e3,86800,107e3,252e3,197e3,177e3,76900,86300,193e3,383e3,195e3,129e3,424e3
12,9,83400,56800,154e3,175e3,272e3,273e3,182e3,144e3,238e3,18e4,227e3,128e3,90900,14e4,75300,88800,334e3,81e3,124e3,90900,106e3,26e4,179e3,18e4,74100,87e3,198e3,349e3,193e3,127e3,391e3
12,10,81900,59900,15e4,171e3,248e3,268e3,207e3,145e3,223e3,178e3,262e3,139e3,84e3,134e3,75800,89600,342e3,70600,115e3,108e3,101e3,259e3,16e4,185e3,74500,86400,191e3,329e3,195e3,127e3,359e3
12,11,80200,62800,144e3,17e4,234e3,261e3,205e3,142e3,219e3,177e3,274e3,137e3,80300,132e3,76200,98200,328e3,69500,105e3,119e3,102e3,252e3,148e3,186e3,76e3,85600,181e3,314e3,2e5,13e4,328e3
12,12,78400,61600,138e3,18e4,232e3,252e3,203e3,127e3,214e3,173e3,253e3,133e3,8e4,135e3,77700,141e3,301e3,68300,102e3,114e3,107e3,249e3,145e3,177e3,75e3,84600,173e3,296e3,205e3,131e3,299e3
12,13,78800,60800,134e3,187e3,232e3,25e4,19e4,113e3,205e3,167e3,237e3,131e3,81600,143e3,78900,188e3,276e3,73e3,106e3,114e3,108e3,243e3,152e3,168e3,73700,82700,172e3,282e3,207e3,129e3,282e3
12,14,75600,58e3,133e3,191e3,233e3,245e3,173e3,107e3,196e3,166e3,225e3,135e3,80100,155e3,79700,195e3,259e3,77300,116e3,116e3,11e4,238e3,157e3,163e3,72900,79800,172e3,273e3,203e3,125e3,28e4
12,15,69200,54800,135e3,2e5,236e3,242e3,164e3,104e3,189e3,165e3,213e3,136e3,73900,164e3,81500,186e3,248e3,81100,131e3,125e3,114e3,232e3,133e3,176e3,72e3,80800,167e3,284e3,195e3,122e3,311e3
12,16,66400,54500,135e3,213e3,279e3,242e3,158e3,105e3,191e3,161e3,204e3,127e3,72200,175e3,85700,166e3,238e3,84200,145e3,141e3,119e3,224e3,134e3,181e3,7e4,82600,158e3,348e3,18e4,117e3,332e3
12,17,63700,54200,136e3,215e3,381e3,245e3,147e3,11e4,191e3,157e3,193e3,121e3,73e3,227e3,89600,15e4,229e3,85700,147e3,154e3,127e3,215e3,143e3,184e3,67700,84900,152e3,424e3,152e3,113e3,309e3
12,18,61900,54500,141e3,216e3,446e3,248e3,136e3,12e4,188e3,154e3,188e3,12e4,75100,262e3,91300,142e3,22e4,86100,144e3,178e3,128e3,204e3,153e3,199e3,65900,84e3,15e4,472e3,126e3,11e4,296e3
12,19,60100,54300,159e3,221e3,482e3,248e3,135e3,131e3,182e3,155e3,184e3,119e3,80600,261e3,105e3,14e4,208e3,85400,145e3,177e3,122e3,201e3,157e3,212e3,66100,83500,148e3,501e3,121e3,107e3,286e3
12,20,57600,51700,155e3,223e3,502e3,244e3,141e3,137e3,177e3,152e3,181e3,114e3,84500,247e3,117e3,143e3,202e3,83300,143e3,165e3,12e4,203e3,156e3,221e3,68300,84900,145e3,514e3,108e3,106e3,278e3
12,21,68300,52600,162e3,218e3,504e3,235e3,142e3,137e3,16e4,145e3,181e3,107e3,85100,232e3,122e3,141e3,194e3,80600,137e3,161e3,129e3,202e3,151e3,232e3,72400,112e3,145e3,52e4,97500,108e3,272e3
12,22,70300,53200,217e3,219e3,501e3,222e3,136e3,13e4,147e3,147e3,182e3,101e3,83500,212e3,12e4,131e3,185e3,80500,14e4,159e3,133e3,197e3,149e3,241e3,8e4,15e4,148e3,515e3,101e3,114e3,265e3
12,23,7e4,52600,234e3,231e3,483e3,214e3,145e3,123e3,146e3,151e3,175e3,89400,81900,202e3,116e3,124e3,172e3,84200,144e3,157e3,125e3,192e3,15e4,247e3,83100,141e3,149e3,498e3,107e3,121e3,259e3
12,24,73900,52800,21e4,229e3,454e3,212e3,152e3,121e3,147e3,153e3,168e3,81600,85800,199e3,112e3,125e3,154e3,87100,148e3,155e3,117e3,214e3,147e3,246e3,80800,129e3,152e3,499e3,114e3,123e3,251e3
12,25,82500,52400,178e3,218e3,407e3,207e3,151e3,122e3,144e3,156e3,166e3,79e3,89600,187e3,109e3,139e3,137e3,90200,153e3,15e4,127e3,319e3,145e3,233e3,79200,12e4,158e3,493e3,12e4,124e3,238e3
12,26,87800,52300,15e4,22e4,354e3,205e3,153e3,122e3,134e3,161e3,158e3,8e4,88300,167e3,106e3,158e3,129e3,94900,159e3,144e3,145e3,414e3,145e3,215e3,79500,114e3,169e3,491e3,129e3,124e3,23e4
12,27,87200,52100,147e3,226e3,315e3,194e3,152e3,122e3,126e3,168e3,14e4,83e3,83500,152e3,102e3,158e3,132e3,95600,166e3,141e3,148e3,456e3,143e3,205e3,79900,111e3,176e3,518e3,146e3,12e4,22e4
12,28,101e3,52e3,139e3,232e3,291e3,178e3,15e4,122e3,126e3,172e3,129e3,84700,80100,145e3,93600,144e3,134e3,90900,166e3,147e3,157e3,478e3,14e4,201e3,78400,116e3,178e3,597e3,167e3,116e3,218e3
12,29,11e4,52700,134e3,24e4,279e3,157e3,148e3,12e4,125e3,176e3,131e3,82600,78300,131e3,86700,136e3,134e3,87700,16e4,154e3,248e3,484e3,137e3,19e4,73e3,118e3,181e3,735e3,173e3,103e3,22e4
12,30,115e3,53900,187e3,241e3,279e3,143e3,144e3,114e3,125e3,176e3,128e3,81100,76600,114e3,84800,141e3,134e3,90500,158e3,156e3,345e3,479e3,137e3,182e3,69400,115e3,177e3,831e3,177e3,91900,225e3
12,31,122e3,54200,236e3,226e3,28e4,141e3,139e3,109e3,126e3,172e3,124e3,81600,77600,103e3,95300,139e3,135e3,93100,157e3,153e3,401e3,461e3,138e3,176e3,68500,111e3,173e3,904e3,186e3,90700,246e3
